# Synthetic damaged engineering input; vertex coordinates are in metres.
v 0.0000000000 0.0000000000 0.0000000000
v 0.0000000000 0.0000000000 0.0010000000
v 0.0000000000 0.0010000000 0.0010000000
v 0.0000000000 0.0010000000 0.0000000000
v 0.0010000000 0.0000000000 0.0000000000
v 0.0010000000 0.0000000000 0.0010000000
v 0.0010000000 0.0010000000 0.0000000000
v 0.0000000000 0.0000000000 0.0020000000
v 0.0000000000 0.0010000000 0.0020000000
v 0.0010000000 0.0000000000 0.0020000000
v 0.0000000000 0.0000000000 0.0030000000
v 0.0000000000 0.0010000000 0.0030000000
v 0.0010000000 0.0000000000 0.0030000000
v 0.0000000000 0.0000000000 0.0040000000
v 0.0000000000 0.0010000000 0.0040000000
v 0.0010000000 0.0000000000 0.0040000000
v 0.0000000000 0.0000000000 0.0050000000
v 0.0000000000 0.0010000000 0.0050000000
v 0.0010000000 0.0000000000 0.0050000000
v 0.0000000000 0.0000000000 0.0060000000
v 0.0000000000 0.0010000000 0.0060000000
v 0.0010000000 0.0000000000 0.0060000000
v 0.0000000000 0.0000000000 0.0070000000
v 0.0000000000 0.0010000000 0.0070000000
v 0.0010000000 0.0000000000 0.0070000000
v 0.0000000000 0.0000000000 0.0080000000
v 0.0000000000 0.0010000000 0.0080000000
v 0.0010000000 0.0000000000 0.0080000000
v 0.0000000000 0.0000000000 0.0090000000
v 0.0000000000 0.0010000000 0.0090000000
v 0.0010000000 0.0000000000 0.0090000000
v 0.0000000000 0.0000000000 0.0100000000
v 0.0000000000 0.0010000000 0.0100000000
v 0.0010000000 0.0000000000 0.0100000000
v 0.0000000000 0.0000000000 0.0110000000
v 0.0000000000 0.0010000000 0.0110000000
v 0.0010000000 0.0000000000 0.0110000000
v 0.0000000000 0.0000000000 0.0120000000
v 0.0000000000 0.0010000000 0.0120000000
v 0.0010000000 0.0000000000 0.0120000000
v 0.0010000000 0.0010000000 0.0120000000
v 0.0000000000 0.0020000000 0.0010000000
v 0.0000000000 0.0020000000 0.0000000000
v 0.0010000000 0.0020000000 0.0000000000
v 0.0000000000 0.0020000000 0.0020000000
v 0.0000000000 0.0020000000 0.0030000000
v 0.0010000000 0.0020000000 0.0030000000
v 0.0010000000 0.0020000000 0.0020000000
v 0.0000000000 0.0020000000 0.0040000000
v 0.0010000000 0.0020000000 0.0040000000
v 0.0000000000 0.0020000000 0.0050000000
v 0.0010000000 0.0020000000 0.0050000000
v 0.0000000000 0.0020000000 0.0060000000
v 0.0000000000 0.0020000000 0.0070000000
v 0.0000000000 0.0020000000 0.0080000000
v 0.0010000000 0.0020000000 0.0080000000
v 0.0010000000 0.0020000000 0.0070000000
v 0.0000000000 0.0020000000 0.0090000000
v 0.0010000000 0.0020000000 0.0090000000
v 0.0000000000 0.0020000000 0.0100000000
v 0.0010000000 0.0020000000 0.0100000000
v 0.0000000000 0.0020000000 0.0110000000
v 0.0000000000 0.0020000000 0.0120000000
v 0.0010000000 0.0020000000 0.0120000000
v 0.0000000000 0.0030000000 0.0010000000
v 0.0000000000 0.0030000000 0.0000000000
v 0.0010000000 0.0030000000 0.0000000000
v 0.0000000000 0.0030000000 0.0020000000
v 0.0010000000 0.0030000000 0.0020000000
v 0.0000000000 0.0030000000 0.0060000000
v 0.0000000000 0.0030000000 0.0050000000
v 0.0010000000 0.0030000000 0.0050000000
v 0.0000000000 0.0030000000 0.0070000000
v 0.0010000000 0.0030000000 0.0070000000
v 0.0000000000 0.0030000000 0.0110000000
v 0.0000000000 0.0030000000 0.0100000000
v 0.0010000000 0.0030000000 0.0100000000
v 0.0000000000 0.0030000000 0.0120000000
v 0.0010000000 0.0030000000 0.0120000000
v 0.0000000000 0.0040000000 0.0010000000
v 0.0000000000 0.0040000000 0.0000000000
v 0.0010000000 0.0040000000 0.0000000000
v 0.0000000000 0.0040000000 0.0020000000
v 0.0010000000 0.0040000000 0.0020000000
v 0.0000000000 0.0040000000 0.0060000000
v 0.0000000000 0.0040000000 0.0050000000
v 0.0010000000 0.0040000000 0.0050000000
v 0.0000000000 0.0040000000 0.0070000000
v 0.0010000000 0.0040000000 0.0070000000
v 0.0000000000 0.0040000000 0.0110000000
v 0.0000000000 0.0040000000 0.0100000000
v 0.0010000000 0.0040000000 0.0100000000
v 0.0000000000 0.0040000000 0.0120000000
v 0.0010000000 0.0040000000 0.0120000000
v 0.0000000000 0.0050000000 0.0010000000
v 0.0000000000 0.0050000000 0.0000000000
v 0.0010000000 0.0050000000 0.0000000000
v 0.0000000000 0.0050000000 0.0020000000
v 0.0010000000 0.0050000000 0.0020000000
v 0.0000000000 0.0050000000 0.0060000000
v 0.0000000000 0.0050000000 0.0050000000
v 0.0010000000 0.0050000000 0.0050000000
v 0.0000000000 0.0050000000 0.0070000000
v 0.0010000000 0.0050000000 0.0070000000
v 0.0000000000 0.0050000000 0.0110000000
v 0.0000000000 0.0050000000 0.0100000000
v 0.0010000000 0.0050000000 0.0100000000
v 0.0000000000 0.0050000000 0.0120000000
v 0.0010000000 0.0050000000 0.0120000000
v 0.0000000000 0.0060000000 0.0010000000
v 0.0000000000 0.0060000000 0.0000000000
v 0.0010000000 0.0060000000 0.0000000000
v 0.0000000000 0.0060000000 0.0020000000
v 0.0000000000 0.0050000000 0.0030000000
v 0.0000000000 0.0060000000 0.0030000000
v 0.0010000000 0.0050000000 0.0030000000
v 0.0000000000 0.0050000000 0.0040000000
v 0.0000000000 0.0060000000 0.0040000000
v 0.0010000000 0.0050000000 0.0040000000
v 0.0000000000 0.0060000000 0.0050000000
v 0.0000000000 0.0060000000 0.0060000000
v 0.0000000000 0.0060000000 0.0070000000
v 0.0000000000 0.0050000000 0.0080000000
v 0.0000000000 0.0060000000 0.0080000000
v 0.0010000000 0.0050000000 0.0080000000
v 0.0000000000 0.0050000000 0.0090000000
v 0.0000000000 0.0060000000 0.0090000000
v 0.0010000000 0.0050000000 0.0090000000
v 0.0000000000 0.0060000000 0.0100000000
v 0.0000000000 0.0060000000 0.0110000000
v 0.0000000000 0.0060000000 0.0120000000
v 0.0010000000 0.0060000000 0.0120000000
v 0.0000000000 0.0070000000 0.0010000000
v 0.0000000000 0.0070000000 0.0000000000
v 0.0010000000 0.0070000000 0.0000000000
v 0.0000000000 0.0070000000 0.0020000000
v 0.0000000000 0.0070000000 0.0030000000
v 0.0010000000 0.0070000000 0.0030000000
v 0.0010000000 0.0070000000 0.0020000000
v 0.0000000000 0.0070000000 0.0040000000
v 0.0010000000 0.0070000000 0.0040000000
v 0.0000000000 0.0070000000 0.0050000000
v 0.0010000000 0.0070000000 0.0050000000
v 0.0000000000 0.0070000000 0.0060000000
v 0.0000000000 0.0070000000 0.0070000000
v 0.0000000000 0.0070000000 0.0080000000
v 0.0010000000 0.0070000000 0.0080000000
v 0.0010000000 0.0070000000 0.0070000000
v 0.0000000000 0.0070000000 0.0090000000
v 0.0010000000 0.0070000000 0.0090000000
v 0.0000000000 0.0070000000 0.0100000000
v 0.0010000000 0.0070000000 0.0100000000
v 0.0000000000 0.0070000000 0.0110000000
v 0.0000000000 0.0070000000 0.0120000000
v 0.0010000000 0.0070000000 0.0120000000
v 0.0000000000 0.0080000000 0.0010000000
v 0.0000000000 0.0080000000 0.0000000000
v 0.0010000000 0.0080000000 0.0000000000
v 0.0000000000 0.0080000000 0.0020000000
v 0.0010000000 0.0080000000 0.0020000000
v 0.0000000000 0.0080000000 0.0060000000
v 0.0000000000 0.0080000000 0.0050000000
v 0.0010000000 0.0080000000 0.0050000000
v 0.0000000000 0.0080000000 0.0070000000
v 0.0010000000 0.0080000000 0.0070000000
v 0.0000000000 0.0080000000 0.0110000000
v 0.0000000000 0.0080000000 0.0100000000
v 0.0010000000 0.0080000000 0.0100000000
v 0.0000000000 0.0080000000 0.0120000000
v 0.0010000000 0.0080000000 0.0120000000
v 0.0000000000 0.0090000000 0.0010000000
v 0.0000000000 0.0090000000 0.0000000000
v 0.0010000000 0.0090000000 0.0000000000
v 0.0000000000 0.0090000000 0.0020000000
v 0.0010000000 0.0090000000 0.0020000000
v 0.0000000000 0.0090000000 0.0060000000
v 0.0000000000 0.0090000000 0.0050000000
v 0.0010000000 0.0090000000 0.0050000000
v 0.0000000000 0.0090000000 0.0070000000
v 0.0010000000 0.0090000000 0.0070000000
v 0.0000000000 0.0090000000 0.0110000000
v 0.0000000000 0.0090000000 0.0100000000
v 0.0010000000 0.0090000000 0.0100000000
v 0.0000000000 0.0090000000 0.0120000000
v 0.0010000000 0.0090000000 0.0120000000
v 0.0000000000 0.0100000000 0.0010000000
v 0.0000000000 0.0100000000 0.0000000000
v 0.0010000000 0.0100000000 0.0000000000
v 0.0000000000 0.0100000000 0.0020000000
v 0.0010000000 0.0100000000 0.0020000000
v 0.0000000000 0.0100000000 0.0060000000
v 0.0000000000 0.0100000000 0.0050000000
v 0.0010000000 0.0100000000 0.0050000000
v 0.0000000000 0.0100000000 0.0070000000
v 0.0010000000 0.0100000000 0.0070000000
v 0.0000000000 0.0100000000 0.0110000000
v 0.0000000000 0.0100000000 0.0100000000
v 0.0010000000 0.0100000000 0.0100000000
v 0.0000000000 0.0100000000 0.0120000000
v 0.0010000000 0.0100000000 0.0120000000
v 0.0000000000 0.0110000000 0.0010000000
v 0.0000000000 0.0110000000 0.0000000000
v 0.0010000000 0.0110000000 0.0000000000
v 0.0000000000 0.0110000000 0.0020000000
v 0.0000000000 0.0100000000 0.0030000000
v 0.0000000000 0.0110000000 0.0030000000
v 0.0010000000 0.0100000000 0.0030000000
v 0.0000000000 0.0100000000 0.0040000000
v 0.0000000000 0.0110000000 0.0040000000
v 0.0010000000 0.0100000000 0.0040000000
v 0.0000000000 0.0110000000 0.0050000000
v 0.0000000000 0.0110000000 0.0060000000
v 0.0000000000 0.0110000000 0.0070000000
v 0.0000000000 0.0100000000 0.0080000000
v 0.0000000000 0.0110000000 0.0080000000
v 0.0010000000 0.0100000000 0.0080000000
v 0.0000000000 0.0100000000 0.0090000000
v 0.0000000000 0.0110000000 0.0090000000
v 0.0010000000 0.0100000000 0.0090000000
v 0.0000000000 0.0110000000 0.0100000000
v 0.0000000000 0.0110000000 0.0110000000
v 0.0000000000 0.0110000000 0.0120000000
v 0.0010000000 0.0110000000 0.0120000000
v 0.0000000000 0.0120000000 0.0010000000
v 0.0000000000 0.0120000000 0.0000000000
v 0.0010000000 0.0120000000 0.0010000000
v 0.0010000000 0.0120000000 0.0000000000
v 0.0000000000 0.0120000000 0.0020000000
v 0.0010000000 0.0120000000 0.0020000000
v 0.0000000000 0.0120000000 0.0030000000
v 0.0010000000 0.0120000000 0.0030000000
v 0.0000000000 0.0120000000 0.0040000000
v 0.0010000000 0.0120000000 0.0040000000
v 0.0000000000 0.0120000000 0.0050000000
v 0.0010000000 0.0120000000 0.0050000000
v 0.0000000000 0.0120000000 0.0060000000
v 0.0010000000 0.0120000000 0.0060000000
v 0.0000000000 0.0120000000 0.0070000000
v 0.0010000000 0.0120000000 0.0070000000
v 0.0000000000 0.0120000000 0.0080000000
v 0.0010000000 0.0120000000 0.0080000000
v 0.0000000000 0.0120000000 0.0090000000
v 0.0010000000 0.0120000000 0.0090000000
v 0.0000000000 0.0120000000 0.0100000000
v 0.0010000000 0.0120000000 0.0100000000
v 0.0000000000 0.0120000000 0.0110000000
v 0.0010000000 0.0120000000 0.0110000000
v 0.0000000000 0.0120000000 0.0120000000
v 0.0010000000 0.0120000000 0.0120000000
v 0.0020000000 0.0000000000 0.0000000000
v 0.0020000000 0.0000000000 0.0010000000
v 0.0020000000 0.0010000000 0.0000000000
v 0.0020000000 0.0000000000 0.0020000000
v 0.0020000000 0.0010000000 0.0020000000
v 0.0020000000 0.0010000000 0.0030000000
v 0.0020000000 0.0000000000 0.0030000000
v 0.0020000000 0.0010000000 0.0040000000
v 0.0020000000 0.0000000000 0.0040000000
v 0.0020000000 0.0010000000 0.0050000000
v 0.0020000000 0.0000000000 0.0050000000
v 0.0020000000 0.0000000000 0.0060000000
v 0.0020000000 0.0000000000 0.0070000000
v 0.0020000000 0.0010000000 0.0070000000
v 0.0020000000 0.0010000000 0.0080000000
v 0.0020000000 0.0000000000 0.0080000000
v 0.0020000000 0.0010000000 0.0090000000
v 0.0020000000 0.0000000000 0.0090000000
v 0.0020000000 0.0010000000 0.0100000000
v 0.0020000000 0.0000000000 0.0100000000
v 0.0020000000 0.0000000000 0.0110000000
v 0.0020000000 0.0000000000 0.0120000000
v 0.0020000000 0.0010000000 0.0120000000
v 0.0020000000 0.0020000000 0.0000000000
v 0.0020000000 0.0020000000 0.0020000000
v 0.0020000000 0.0020000000 0.0030000000
v 0.0020000000 0.0020000000 0.0040000000
v 0.0020000000 0.0020000000 0.0050000000
v 0.0020000000 0.0020000000 0.0070000000
v 0.0020000000 0.0020000000 0.0080000000
v 0.0020000000 0.0020000000 0.0090000000
v 0.0020000000 0.0020000000 0.0100000000
v 0.0020000000 0.0020000000 0.0120000000
v 0.0020000000 0.0030000000 0.0000000000
v 0.0020000000 0.0030000000 0.0010000000
v 0.0020000000 0.0020000000 0.0010000000
v 0.0020000000 0.0030000000 0.0020000000
v 0.0020000000 0.0030000000 0.0050000000
v 0.0020000000 0.0030000000 0.0060000000
v 0.0020000000 0.0020000000 0.0060000000
v 0.0020000000 0.0030000000 0.0070000000
v 0.0020000000 0.0030000000 0.0100000000
v 0.0020000000 0.0030000000 0.0110000000
v 0.0020000000 0.0020000000 0.0110000000
v 0.0020000000 0.0030000000 0.0120000000
v 0.0020000000 0.0040000000 0.0000000000
v 0.0020000000 0.0040000000 0.0010000000
v 0.0020000000 0.0040000000 0.0020000000
v 0.0020000000 0.0040000000 0.0050000000
v 0.0020000000 0.0040000000 0.0060000000
v 0.0020000000 0.0040000000 0.0070000000
v 0.0020000000 0.0040000000 0.0100000000
v 0.0020000000 0.0040000000 0.0110000000
v 0.0020000000 0.0040000000 0.0120000000
v 0.0020000000 0.0050000000 0.0000000000
v 0.0020000000 0.0050000000 0.0010000000
v 0.0020000000 0.0050000000 0.0020000000
v 0.0020000000 0.0050000000 0.0050000000
v 0.0020000000 0.0050000000 0.0060000000
v 0.0020000000 0.0050000000 0.0070000000
v 0.0020000000 0.0050000000 0.0100000000
v 0.0020000000 0.0050000000 0.0110000000
v 0.0020000000 0.0050000000 0.0120000000
v 0.0020000000 0.0060000000 0.0000000000
v 0.0020000000 0.0060000000 0.0020000000
v 0.0020000000 0.0060000000 0.0030000000
v 0.0020000000 0.0050000000 0.0030000000
v 0.0020000000 0.0060000000 0.0040000000
v 0.0020000000 0.0050000000 0.0040000000
v 0.0020000000 0.0060000000 0.0050000000
v 0.0020000000 0.0060000000 0.0070000000
v 0.0020000000 0.0060000000 0.0080000000
v 0.0020000000 0.0050000000 0.0080000000
v 0.0020000000 0.0060000000 0.0090000000
v 0.0020000000 0.0050000000 0.0090000000
v 0.0020000000 0.0060000000 0.0100000000
v 0.0020000000 0.0060000000 0.0120000000
v 0.0020000000 0.0070000000 0.0000000000
v 0.0020000000 0.0070000000 0.0020000000
v 0.0020000000 0.0070000000 0.0030000000
v 0.0020000000 0.0070000000 0.0040000000
v 0.0020000000 0.0070000000 0.0050000000
v 0.0020000000 0.0070000000 0.0070000000
v 0.0020000000 0.0070000000 0.0080000000
v 0.0020000000 0.0070000000 0.0090000000
v 0.0020000000 0.0070000000 0.0100000000
v 0.0020000000 0.0070000000 0.0120000000
v 0.0020000000 0.0080000000 0.0000000000
v 0.0020000000 0.0080000000 0.0010000000
v 0.0020000000 0.0070000000 0.0010000000
v 0.0020000000 0.0080000000 0.0020000000
v 0.0020000000 0.0080000000 0.0050000000
v 0.0020000000 0.0080000000 0.0060000000
v 0.0020000000 0.0070000000 0.0060000000
v 0.0020000000 0.0080000000 0.0070000000
v 0.0020000000 0.0080000000 0.0100000000
v 0.0020000000 0.0080000000 0.0110000000
v 0.0020000000 0.0070000000 0.0110000000
v 0.0020000000 0.0080000000 0.0120000000
v 0.0020000000 0.0090000000 0.0000000000
v 0.0020000000 0.0090000000 0.0010000000
v 0.0020000000 0.0090000000 0.0020000000
v 0.0020000000 0.0090000000 0.0050000000
v 0.0020000000 0.0090000000 0.0060000000
v 0.0020000000 0.0090000000 0.0070000000
v 0.0020000000 0.0090000000 0.0100000000
v 0.0020000000 0.0090000000 0.0110000000
v 0.0020000000 0.0090000000 0.0120000000
v 0.0020000000 0.0100000000 0.0000000000
v 0.0020000000 0.0100000000 0.0010000000
v 0.0020000000 0.0100000000 0.0020000000
v 0.0020000000 0.0100000000 0.0050000000
v 0.0020000000 0.0100000000 0.0060000000
v 0.0020000000 0.0100000000 0.0070000000
v 0.0020000000 0.0100000000 0.0100000000
v 0.0020000000 0.0100000000 0.0110000000
v 0.0020000000 0.0100000000 0.0120000000
v 0.0020000000 0.0110000000 0.0000000000
v 0.0020000000 0.0110000000 0.0020000000
v 0.0020000000 0.0110000000 0.0030000000
v 0.0020000000 0.0100000000 0.0030000000
v 0.0020000000 0.0110000000 0.0040000000
v 0.0020000000 0.0100000000 0.0040000000
v 0.0020000000 0.0110000000 0.0050000000
v 0.0020000000 0.0110000000 0.0070000000
v 0.0020000000 0.0110000000 0.0080000000
v 0.0020000000 0.0100000000 0.0080000000
v 0.0020000000 0.0110000000 0.0090000000
v 0.0020000000 0.0100000000 0.0090000000
v 0.0020000000 0.0110000000 0.0100000000
v 0.0020000000 0.0110000000 0.0120000000
v 0.0020000000 0.0120000000 0.0010000000
v 0.0020000000 0.0120000000 0.0000000000
v 0.0020000000 0.0120000000 0.0020000000
v 0.0020000000 0.0120000000 0.0030000000
v 0.0020000000 0.0120000000 0.0040000000
v 0.0020000000 0.0120000000 0.0050000000
v 0.0020000000 0.0120000000 0.0060000000
v 0.0020000000 0.0120000000 0.0070000000
v 0.0020000000 0.0120000000 0.0080000000
v 0.0020000000 0.0120000000 0.0090000000
v 0.0020000000 0.0120000000 0.0100000000
v 0.0020000000 0.0120000000 0.0110000000
v 0.0020000000 0.0120000000 0.0120000000
v 0.0030000000 0.0000000000 0.0000000000
v 0.0030000000 0.0000000000 0.0010000000
v 0.0030000000 0.0010000000 0.0000000000
v 0.0030000000 0.0000000000 0.0020000000
v 0.0030000000 0.0010000000 0.0020000000
v 0.0030000000 0.0000000000 0.0050000000
v 0.0030000000 0.0000000000 0.0060000000
v 0.0030000000 0.0010000000 0.0050000000
v 0.0030000000 0.0000000000 0.0070000000
v 0.0030000000 0.0010000000 0.0070000000
v 0.0030000000 0.0000000000 0.0100000000
v 0.0030000000 0.0000000000 0.0110000000
v 0.0030000000 0.0010000000 0.0100000000
v 0.0030000000 0.0000000000 0.0120000000
v 0.0030000000 0.0010000000 0.0120000000
v 0.0030000000 0.0020000000 0.0010000000
v 0.0030000000 0.0020000000 0.0000000000
v 0.0030000000 0.0020000000 0.0020000000
v 0.0030000000 0.0020000000 0.0060000000
v 0.0030000000 0.0020000000 0.0050000000
v 0.0030000000 0.0020000000 0.0070000000
v 0.0030000000 0.0020000000 0.0110000000
v 0.0030000000 0.0020000000 0.0100000000
v 0.0030000000 0.0020000000 0.0120000000
v 0.0030000000 0.0050000000 0.0000000000
v 0.0030000000 0.0050000000 0.0010000000
v 0.0030000000 0.0060000000 0.0000000000
v 0.0030000000 0.0050000000 0.0020000000
v 0.0030000000 0.0060000000 0.0020000000
v 0.0030000000 0.0050000000 0.0050000000
v 0.0030000000 0.0050000000 0.0060000000
v 0.0030000000 0.0060000000 0.0050000000
v 0.0030000000 0.0050000000 0.0070000000
v 0.0030000000 0.0060000000 0.0070000000
v 0.0030000000 0.0050000000 0.0100000000
v 0.0030000000 0.0050000000 0.0110000000
v 0.0030000000 0.0060000000 0.0100000000
v 0.0030000000 0.0050000000 0.0120000000
v 0.0030000000 0.0060000000 0.0120000000
v 0.0030000000 0.0070000000 0.0010000000
v 0.0030000000 0.0070000000 0.0000000000
v 0.0030000000 0.0070000000 0.0020000000
v 0.0030000000 0.0070000000 0.0060000000
v 0.0030000000 0.0070000000 0.0050000000
v 0.0030000000 0.0070000000 0.0070000000
v 0.0030000000 0.0070000000 0.0110000000
v 0.0030000000 0.0070000000 0.0100000000
v 0.0030000000 0.0070000000 0.0120000000
v 0.0030000000 0.0100000000 0.0000000000
v 0.0030000000 0.0100000000 0.0010000000
v 0.0030000000 0.0110000000 0.0000000000
v 0.0030000000 0.0100000000 0.0020000000
v 0.0030000000 0.0110000000 0.0020000000
v 0.0030000000 0.0100000000 0.0050000000
v 0.0030000000 0.0100000000 0.0060000000
v 0.0030000000 0.0110000000 0.0050000000
v 0.0030000000 0.0100000000 0.0070000000
v 0.0030000000 0.0110000000 0.0070000000
v 0.0030000000 0.0100000000 0.0100000000
v 0.0030000000 0.0100000000 0.0110000000
v 0.0030000000 0.0110000000 0.0100000000
v 0.0030000000 0.0100000000 0.0120000000
v 0.0030000000 0.0110000000 0.0120000000
v 0.0030000000 0.0120000000 0.0010000000
v 0.0030000000 0.0120000000 0.0000000000
v 0.0030000000 0.0120000000 0.0020000000
v 0.0030000000 0.0120000000 0.0060000000
v 0.0030000000 0.0120000000 0.0050000000
v 0.0030000000 0.0120000000 0.0070000000
v 0.0030000000 0.0120000000 0.0110000000
v 0.0030000000 0.0120000000 0.0100000000
v 0.0030000000 0.0120000000 0.0120000000
v 0.0040000000 0.0000000000 0.0000000000
v 0.0040000000 0.0000000000 0.0010000000
v 0.0040000000 0.0010000000 0.0000000000
v 0.0040000000 0.0000000000 0.0020000000
v 0.0040000000 0.0010000000 0.0020000000
v 0.0040000000 0.0000000000 0.0050000000
v 0.0040000000 0.0000000000 0.0060000000
v 0.0040000000 0.0010000000 0.0050000000
v 0.0040000000 0.0000000000 0.0070000000
v 0.0040000000 0.0010000000 0.0070000000
v 0.0040000000 0.0000000000 0.0100000000
v 0.0040000000 0.0000000000 0.0110000000
v 0.0040000000 0.0010000000 0.0100000000
v 0.0040000000 0.0000000000 0.0120000000
v 0.0040000000 0.0010000000 0.0120000000
v 0.0040000000 0.0020000000 0.0010000000
v 0.0040000000 0.0020000000 0.0000000000
v 0.0040000000 0.0020000000 0.0020000000
v 0.0040000000 0.0020000000 0.0060000000
v 0.0040000000 0.0020000000 0.0050000000
v 0.0040000000 0.0020000000 0.0070000000
v 0.0040000000 0.0020000000 0.0110000000
v 0.0040000000 0.0020000000 0.0100000000
v 0.0040000000 0.0020000000 0.0120000000
v 0.0040000000 0.0050000000 0.0000000000
v 0.0040000000 0.0050000000 0.0010000000
v 0.0040000000 0.0060000000 0.0000000000
v 0.0040000000 0.0050000000 0.0020000000
v 0.0040000000 0.0060000000 0.0020000000
v 0.0040000000 0.0050000000 0.0050000000
v 0.0040000000 0.0050000000 0.0060000000
v 0.0040000000 0.0060000000 0.0050000000
v 0.0040000000 0.0050000000 0.0070000000
v 0.0040000000 0.0060000000 0.0070000000
v 0.0040000000 0.0050000000 0.0100000000
v 0.0040000000 0.0050000000 0.0110000000
v 0.0040000000 0.0060000000 0.0100000000
v 0.0040000000 0.0050000000 0.0120000000
v 0.0040000000 0.0060000000 0.0120000000
v 0.0040000000 0.0070000000 0.0010000000
v 0.0040000000 0.0070000000 0.0000000000
v 0.0040000000 0.0070000000 0.0020000000
v 0.0040000000 0.0070000000 0.0060000000
v 0.0040000000 0.0070000000 0.0050000000
v 0.0040000000 0.0070000000 0.0070000000
v 0.0040000000 0.0070000000 0.0110000000
v 0.0040000000 0.0070000000 0.0100000000
v 0.0040000000 0.0070000000 0.0120000000
v 0.0040000000 0.0100000000 0.0000000000
v 0.0040000000 0.0100000000 0.0010000000
v 0.0040000000 0.0110000000 0.0000000000
v 0.0040000000 0.0100000000 0.0020000000
v 0.0040000000 0.0110000000 0.0020000000
v 0.0040000000 0.0100000000 0.0050000000
v 0.0040000000 0.0100000000 0.0060000000
v 0.0040000000 0.0110000000 0.0050000000
v 0.0040000000 0.0100000000 0.0070000000
v 0.0040000000 0.0110000000 0.0070000000
v 0.0040000000 0.0100000000 0.0100000000
v 0.0040000000 0.0100000000 0.0110000000
v 0.0040000000 0.0110000000 0.0100000000
v 0.0040000000 0.0100000000 0.0120000000
v 0.0040000000 0.0110000000 0.0120000000
v 0.0040000000 0.0120000000 0.0010000000
v 0.0040000000 0.0120000000 0.0000000000
v 0.0040000000 0.0120000000 0.0020000000
v 0.0040000000 0.0120000000 0.0060000000
v 0.0040000000 0.0120000000 0.0050000000
v 0.0040000000 0.0120000000 0.0070000000
v 0.0040000000 0.0120000000 0.0110000000
v 0.0040000000 0.0120000000 0.0100000000
v 0.0040000000 0.0120000000 0.0120000000
v 0.0050000000 0.0000000000 0.0000000000
v 0.0050000000 0.0000000000 0.0010000000
v 0.0050000000 0.0010000000 0.0000000000
v 0.0050000000 0.0000000000 0.0020000000
v 0.0050000000 0.0010000000 0.0020000000
v 0.0050000000 0.0000000000 0.0050000000
v 0.0050000000 0.0000000000 0.0060000000
v 0.0050000000 0.0010000000 0.0050000000
v 0.0050000000 0.0000000000 0.0070000000
v 0.0050000000 0.0010000000 0.0070000000
v 0.0050000000 0.0000000000 0.0100000000
v 0.0050000000 0.0000000000 0.0110000000
v 0.0050000000 0.0010000000 0.0100000000
v 0.0050000000 0.0000000000 0.0120000000
v 0.0050000000 0.0010000000 0.0120000000
v 0.0050000000 0.0020000000 0.0010000000
v 0.0050000000 0.0020000000 0.0000000000
v 0.0050000000 0.0020000000 0.0020000000
v 0.0050000000 0.0020000000 0.0060000000
v 0.0050000000 0.0020000000 0.0050000000
v 0.0050000000 0.0020000000 0.0070000000
v 0.0050000000 0.0020000000 0.0110000000
v 0.0050000000 0.0020000000 0.0100000000
v 0.0050000000 0.0020000000 0.0120000000
v 0.0050000000 0.0050000000 0.0000000000
v 0.0050000000 0.0050000000 0.0010000000
v 0.0050000000 0.0060000000 0.0000000000
v 0.0050000000 0.0050000000 0.0020000000
v 0.0050000000 0.0060000000 0.0020000000
v 0.0050000000 0.0050000000 0.0050000000
v 0.0050000000 0.0050000000 0.0060000000
v 0.0050000000 0.0060000000 0.0050000000
v 0.0050000000 0.0050000000 0.0070000000
v 0.0050000000 0.0060000000 0.0070000000
v 0.0050000000 0.0050000000 0.0100000000
v 0.0050000000 0.0050000000 0.0110000000
v 0.0050000000 0.0060000000 0.0100000000
v 0.0050000000 0.0050000000 0.0120000000
v 0.0050000000 0.0060000000 0.0120000000
v 0.0050000000 0.0070000000 0.0010000000
v 0.0050000000 0.0070000000 0.0000000000
v 0.0050000000 0.0070000000 0.0020000000
v 0.0050000000 0.0070000000 0.0060000000
v 0.0050000000 0.0070000000 0.0050000000
v 0.0050000000 0.0070000000 0.0070000000
v 0.0050000000 0.0070000000 0.0110000000
v 0.0050000000 0.0070000000 0.0100000000
v 0.0050000000 0.0070000000 0.0120000000
v 0.0050000000 0.0100000000 0.0000000000
v 0.0050000000 0.0100000000 0.0010000000
v 0.0050000000 0.0110000000 0.0000000000
v 0.0050000000 0.0100000000 0.0020000000
v 0.0050000000 0.0110000000 0.0020000000
v 0.0050000000 0.0100000000 0.0050000000
v 0.0050000000 0.0100000000 0.0060000000
v 0.0050000000 0.0110000000 0.0050000000
v 0.0050000000 0.0100000000 0.0070000000
v 0.0050000000 0.0110000000 0.0070000000
v 0.0050000000 0.0100000000 0.0100000000
v 0.0050000000 0.0100000000 0.0110000000
v 0.0050000000 0.0110000000 0.0100000000
v 0.0050000000 0.0100000000 0.0120000000
v 0.0050000000 0.0110000000 0.0120000000
v 0.0050000000 0.0120000000 0.0010000000
v 0.0050000000 0.0120000000 0.0000000000
v 0.0050000000 0.0120000000 0.0020000000
v 0.0050000000 0.0120000000 0.0060000000
v 0.0050000000 0.0120000000 0.0050000000
v 0.0050000000 0.0120000000 0.0070000000
v 0.0050000000 0.0120000000 0.0110000000
v 0.0050000000 0.0120000000 0.0100000000
v 0.0050000000 0.0120000000 0.0120000000
v 0.0060000000 0.0000000000 0.0000000000
v 0.0060000000 0.0000000000 0.0010000000
v 0.0060000000 0.0010000000 0.0000000000
v 0.0060000000 0.0000000000 0.0020000000
v 0.0050000000 0.0000000000 0.0030000000
v 0.0050000000 0.0010000000 0.0030000000
v 0.0060000000 0.0000000000 0.0030000000
v 0.0050000000 0.0000000000 0.0040000000
v 0.0050000000 0.0010000000 0.0040000000
v 0.0060000000 0.0000000000 0.0040000000
v 0.0060000000 0.0000000000 0.0050000000
v 0.0060000000 0.0000000000 0.0060000000
v 0.0060000000 0.0000000000 0.0070000000
v 0.0050000000 0.0000000000 0.0080000000
v 0.0050000000 0.0010000000 0.0080000000
v 0.0060000000 0.0000000000 0.0080000000
v 0.0050000000 0.0000000000 0.0090000000
v 0.0050000000 0.0010000000 0.0090000000
v 0.0060000000 0.0000000000 0.0090000000
v 0.0060000000 0.0000000000 0.0100000000
v 0.0060000000 0.0000000000 0.0110000000
v 0.0060000000 0.0000000000 0.0120000000
v 0.0060000000 0.0010000000 0.0120000000
v 0.0060000000 0.0020000000 0.0000000000
v 0.0050000000 0.0020000000 0.0030000000
v 0.0060000000 0.0020000000 0.0030000000
v 0.0060000000 0.0020000000 0.0020000000
v 0.0050000000 0.0020000000 0.0040000000
v 0.0060000000 0.0020000000 0.0040000000
v 0.0060000000 0.0020000000 0.0050000000
v 0.0050000000 0.0020000000 0.0080000000
v 0.0060000000 0.0020000000 0.0080000000
v 0.0060000000 0.0020000000 0.0070000000
v 0.0050000000 0.0020000000 0.0090000000
v 0.0060000000 0.0020000000 0.0090000000
v 0.0060000000 0.0020000000 0.0100000000
v 0.0060000000 0.0020000000 0.0120000000
v 0.0050000000 0.0030000000 0.0010000000
v 0.0050000000 0.0030000000 0.0000000000
v 0.0060000000 0.0030000000 0.0000000000
v 0.0050000000 0.0030000000 0.0020000000
v 0.0060000000 0.0030000000 0.0020000000
v 0.0050000000 0.0030000000 0.0060000000
v 0.0050000000 0.0030000000 0.0050000000
v 0.0060000000 0.0030000000 0.0050000000
v 0.0050000000 0.0030000000 0.0070000000
v 0.0060000000 0.0030000000 0.0070000000
v 0.0050000000 0.0030000000 0.0110000000
v 0.0050000000 0.0030000000 0.0100000000
v 0.0060000000 0.0030000000 0.0100000000
v 0.0050000000 0.0030000000 0.0120000000
v 0.0060000000 0.0030000000 0.0120000000
v 0.0050000000 0.0040000000 0.0010000000
v 0.0050000000 0.0040000000 0.0000000000
v 0.0060000000 0.0040000000 0.0000000000
v 0.0050000000 0.0040000000 0.0020000000
v 0.0060000000 0.0040000000 0.0020000000
v 0.0050000000 0.0040000000 0.0060000000
v 0.0050000000 0.0040000000 0.0050000000
v 0.0060000000 0.0040000000 0.0050000000
v 0.0050000000 0.0040000000 0.0070000000
v 0.0060000000 0.0040000000 0.0070000000
v 0.0050000000 0.0040000000 0.0110000000
v 0.0050000000 0.0040000000 0.0100000000
v 0.0060000000 0.0040000000 0.0100000000
v 0.0050000000 0.0040000000 0.0120000000
v 0.0060000000 0.0040000000 0.0120000000
v 0.0060000000 0.0050000000 0.0000000000
v 0.0060000000 0.0050000000 0.0020000000
v 0.0060000000 0.0050000000 0.0050000000
v 0.0060000000 0.0050000000 0.0070000000
v 0.0060000000 0.0050000000 0.0100000000
v 0.0060000000 0.0050000000 0.0120000000
v 0.0060000000 0.0060000000 0.0000000000
v 0.0050000000 0.0050000000 0.0030000000
v 0.0050000000 0.0060000000 0.0030000000
v 0.0060000000 0.0050000000 0.0030000000
v 0.0050000000 0.0050000000 0.0040000000
v 0.0050000000 0.0060000000 0.0040000000
v 0.0060000000 0.0050000000 0.0040000000
v 0.0050000000 0.0050000000 0.0080000000
v 0.0050000000 0.0060000000 0.0080000000
v 0.0060000000 0.0050000000 0.0080000000
v 0.0050000000 0.0050000000 0.0090000000
v 0.0050000000 0.0060000000 0.0090000000
v 0.0060000000 0.0050000000 0.0090000000
v 0.0060000000 0.0060000000 0.0120000000
v 0.0060000000 0.0070000000 0.0000000000
v 0.0050000000 0.0070000000 0.0030000000
v 0.0060000000 0.0070000000 0.0030000000
v 0.0060000000 0.0070000000 0.0020000000
v 0.0050000000 0.0070000000 0.0040000000
v 0.0060000000 0.0070000000 0.0040000000
v 0.0060000000 0.0070000000 0.0050000000
v 0.0050000000 0.0070000000 0.0080000000
v 0.0060000000 0.0070000000 0.0080000000
v 0.0060000000 0.0070000000 0.0070000000
v 0.0050000000 0.0070000000 0.0090000000
v 0.0060000000 0.0070000000 0.0090000000
v 0.0060000000 0.0070000000 0.0100000000
v 0.0060000000 0.0070000000 0.0120000000
v 0.0050000000 0.0080000000 0.0010000000
v 0.0050000000 0.0080000000 0.0000000000
v 0.0060000000 0.0080000000 0.0000000000
v 0.0050000000 0.0080000000 0.0020000000
v 0.0060000000 0.0080000000 0.0020000000
v 0.0050000000 0.0080000000 0.0060000000
v 0.0050000000 0.0080000000 0.0050000000
v 0.0060000000 0.0080000000 0.0050000000
v 0.0050000000 0.0080000000 0.0070000000
v 0.0060000000 0.0080000000 0.0070000000
v 0.0050000000 0.0080000000 0.0110000000
v 0.0050000000 0.0080000000 0.0100000000
v 0.0060000000 0.0080000000 0.0100000000
v 0.0050000000 0.0080000000 0.0120000000
v 0.0060000000 0.0080000000 0.0120000000
v 0.0050000000 0.0090000000 0.0010000000
v 0.0050000000 0.0090000000 0.0000000000
v 0.0060000000 0.0090000000 0.0000000000
v 0.0050000000 0.0090000000 0.0020000000
v 0.0060000000 0.0090000000 0.0020000000
v 0.0050000000 0.0090000000 0.0060000000
v 0.0050000000 0.0090000000 0.0050000000
v 0.0060000000 0.0090000000 0.0050000000
v 0.0050000000 0.0090000000 0.0070000000
v 0.0060000000 0.0090000000 0.0070000000
v 0.0050000000 0.0090000000 0.0110000000
v 0.0050000000 0.0090000000 0.0100000000
v 0.0060000000 0.0090000000 0.0100000000
v 0.0050000000 0.0090000000 0.0120000000
v 0.0060000000 0.0090000000 0.0120000000
v 0.0060000000 0.0100000000 0.0000000000
v 0.0060000000 0.0100000000 0.0020000000
v 0.0060000000 0.0100000000 0.0050000000
v 0.0060000000 0.0100000000 0.0070000000
v 0.0060000000 0.0100000000 0.0100000000
v 0.0060000000 0.0100000000 0.0120000000
v 0.0060000000 0.0110000000 0.0000000000
v 0.0050000000 0.0100000000 0.0030000000
v 0.0050000000 0.0110000000 0.0030000000
v 0.0060000000 0.0100000000 0.0030000000
v 0.0050000000 0.0100000000 0.0040000000
v 0.0050000000 0.0110000000 0.0040000000
v 0.0060000000 0.0100000000 0.0040000000
v 0.0050000000 0.0100000000 0.0080000000
v 0.0050000000 0.0110000000 0.0080000000
v 0.0060000000 0.0100000000 0.0080000000
v 0.0050000000 0.0100000000 0.0090000000
v 0.0050000000 0.0110000000 0.0090000000
v 0.0060000000 0.0100000000 0.0090000000
v 0.0060000000 0.0110000000 0.0120000000
v 0.0060000000 0.0120000000 0.0010000000
v 0.0060000000 0.0120000000 0.0000000000
v 0.0060000000 0.0120000000 0.0020000000
v 0.0050000000 0.0120000000 0.0030000000
v 0.0060000000 0.0120000000 0.0030000000
v 0.0050000000 0.0120000000 0.0040000000
v 0.0060000000 0.0120000000 0.0040000000
v 0.0060000000 0.0120000000 0.0050000000
v 0.0060000000 0.0120000000 0.0060000000
v 0.0060000000 0.0120000000 0.0070000000
v 0.0050000000 0.0120000000 0.0080000000
v 0.0060000000 0.0120000000 0.0080000000
v 0.0050000000 0.0120000000 0.0090000000
v 0.0060000000 0.0120000000 0.0090000000
v 0.0060000000 0.0120000000 0.0100000000
v 0.0060000000 0.0120000000 0.0110000000
v 0.0060000000 0.0120000000 0.0120000000
v 0.0070000000 0.0000000000 0.0000000000
v 0.0070000000 0.0000000000 0.0010000000
v 0.0070000000 0.0010000000 0.0000000000
v 0.0070000000 0.0000000000 0.0020000000
v 0.0070000000 0.0010000000 0.0020000000
v 0.0070000000 0.0010000000 0.0030000000
v 0.0070000000 0.0000000000 0.0030000000
v 0.0070000000 0.0010000000 0.0040000000
v 0.0070000000 0.0000000000 0.0040000000
v 0.0070000000 0.0010000000 0.0050000000
v 0.0070000000 0.0000000000 0.0050000000
v 0.0070000000 0.0000000000 0.0060000000
v 0.0070000000 0.0000000000 0.0070000000
v 0.0070000000 0.0010000000 0.0070000000
v 0.0070000000 0.0010000000 0.0080000000
v 0.0070000000 0.0000000000 0.0080000000
v 0.0070000000 0.0010000000 0.0090000000
v 0.0070000000 0.0000000000 0.0090000000
v 0.0070000000 0.0010000000 0.0100000000
v 0.0070000000 0.0000000000 0.0100000000
v 0.0070000000 0.0000000000 0.0110000000
v 0.0070000000 0.0000000000 0.0120000000
v 0.0070000000 0.0010000000 0.0120000000
v 0.0070000000 0.0020000000 0.0000000000
v 0.0070000000 0.0020000000 0.0020000000
v 0.0070000000 0.0020000000 0.0030000000
v 0.0070000000 0.0020000000 0.0040000000
v 0.0070000000 0.0020000000 0.0050000000
v 0.0070000000 0.0020000000 0.0070000000
v 0.0070000000 0.0020000000 0.0080000000
v 0.0070000000 0.0020000000 0.0090000000
v 0.0070000000 0.0020000000 0.0100000000
v 0.0070000000 0.0020000000 0.0120000000
v 0.0070000000 0.0030000000 0.0000000000
v 0.0070000000 0.0030000000 0.0010000000
v 0.0070000000 0.0020000000 0.0010000000
v 0.0070000000 0.0030000000 0.0020000000
v 0.0070000000 0.0030000000 0.0050000000
v 0.0070000000 0.0030000000 0.0060000000
v 0.0070000000 0.0020000000 0.0060000000
v 0.0070000000 0.0030000000 0.0070000000
v 0.0070000000 0.0030000000 0.0100000000
v 0.0070000000 0.0030000000 0.0110000000
v 0.0070000000 0.0020000000 0.0110000000
v 0.0070000000 0.0030000000 0.0120000000
v 0.0070000000 0.0040000000 0.0000000000
v 0.0070000000 0.0040000000 0.0010000000
v 0.0070000000 0.0040000000 0.0020000000
v 0.0070000000 0.0040000000 0.0050000000
v 0.0070000000 0.0040000000 0.0060000000
v 0.0070000000 0.0040000000 0.0070000000
v 0.0070000000 0.0040000000 0.0100000000
v 0.0070000000 0.0040000000 0.0110000000
v 0.0070000000 0.0040000000 0.0120000000
v 0.0070000000 0.0050000000 0.0000000000
v 0.0070000000 0.0050000000 0.0010000000
v 0.0070000000 0.0050000000 0.0020000000
v 0.0070000000 0.0050000000 0.0050000000
v 0.0070000000 0.0050000000 0.0060000000
v 0.0070000000 0.0050000000 0.0070000000
v 0.0070000000 0.0050000000 0.0100000000
v 0.0070000000 0.0050000000 0.0110000000
v 0.0070000000 0.0050000000 0.0120000000
v 0.0070000000 0.0060000000 0.0000000000
v 0.0070000000 0.0060000000 0.0020000000
v 0.0070000000 0.0060000000 0.0030000000
v 0.0070000000 0.0050000000 0.0030000000
v 0.0070000000 0.0060000000 0.0040000000
v 0.0070000000 0.0050000000 0.0040000000
v 0.0070000000 0.0060000000 0.0050000000
v 0.0070000000 0.0060000000 0.0070000000
v 0.0070000000 0.0060000000 0.0080000000
v 0.0070000000 0.0050000000 0.0080000000
v 0.0070000000 0.0060000000 0.0090000000
v 0.0070000000 0.0050000000 0.0090000000
v 0.0070000000 0.0060000000 0.0100000000
v 0.0070000000 0.0060000000 0.0120000000
v 0.0070000000 0.0070000000 0.0000000000
v 0.0070000000 0.0070000000 0.0020000000
v 0.0070000000 0.0070000000 0.0030000000
v 0.0070000000 0.0070000000 0.0040000000
v 0.0070000000 0.0070000000 0.0050000000
v 0.0070000000 0.0070000000 0.0070000000
v 0.0070000000 0.0070000000 0.0080000000
v 0.0070000000 0.0070000000 0.0090000000
v 0.0070000000 0.0070000000 0.0100000000
v 0.0070000000 0.0070000000 0.0120000000
v 0.0070000000 0.0080000000 0.0000000000
v 0.0070000000 0.0080000000 0.0010000000
v 0.0070000000 0.0070000000 0.0010000000
v 0.0070000000 0.0080000000 0.0020000000
v 0.0070000000 0.0080000000 0.0050000000
v 0.0070000000 0.0080000000 0.0060000000
v 0.0070000000 0.0070000000 0.0060000000
v 0.0070000000 0.0080000000 0.0070000000
v 0.0070000000 0.0080000000 0.0100000000
v 0.0070000000 0.0080000000 0.0110000000
v 0.0070000000 0.0070000000 0.0110000000
v 0.0070000000 0.0080000000 0.0120000000
v 0.0070000000 0.0090000000 0.0000000000
v 0.0070000000 0.0090000000 0.0010000000
v 0.0070000000 0.0090000000 0.0020000000
v 0.0070000000 0.0090000000 0.0050000000
v 0.0070000000 0.0090000000 0.0060000000
v 0.0070000000 0.0090000000 0.0070000000
v 0.0070000000 0.0090000000 0.0100000000
v 0.0070000000 0.0090000000 0.0110000000
v 0.0070000000 0.0090000000 0.0120000000
v 0.0070000000 0.0100000000 0.0000000000
v 0.0070000000 0.0100000000 0.0010000000
v 0.0070000000 0.0100000000 0.0020000000
v 0.0070000000 0.0100000000 0.0050000000
v 0.0070000000 0.0100000000 0.0060000000
v 0.0070000000 0.0100000000 0.0070000000
v 0.0070000000 0.0100000000 0.0100000000
v 0.0070000000 0.0100000000 0.0110000000
v 0.0070000000 0.0100000000 0.0120000000
v 0.0070000000 0.0110000000 0.0000000000
v 0.0070000000 0.0110000000 0.0020000000
v 0.0070000000 0.0110000000 0.0030000000
v 0.0070000000 0.0100000000 0.0030000000
v 0.0070000000 0.0110000000 0.0040000000
v 0.0070000000 0.0100000000 0.0040000000
v 0.0070000000 0.0110000000 0.0050000000
v 0.0070000000 0.0110000000 0.0070000000
v 0.0070000000 0.0110000000 0.0080000000
v 0.0070000000 0.0100000000 0.0080000000
v 0.0070000000 0.0110000000 0.0090000000
v 0.0070000000 0.0100000000 0.0090000000
v 0.0070000000 0.0110000000 0.0100000000
v 0.0070000000 0.0110000000 0.0120000000
v 0.0070000000 0.0120000000 0.0010000000
v 0.0070000000 0.0120000000 0.0000000000
v 0.0070000000 0.0120000000 0.0020000000
v 0.0070000000 0.0120000000 0.0030000000
v 0.0070000000 0.0120000000 0.0040000000
v 0.0070000000 0.0120000000 0.0050000000
v 0.0070000000 0.0120000000 0.0060000000
v 0.0070000000 0.0120000000 0.0070000000
v 0.0070000000 0.0120000000 0.0080000000
v 0.0070000000 0.0120000000 0.0090000000
v 0.0070000000 0.0120000000 0.0100000000
v 0.0070000000 0.0120000000 0.0110000000
v 0.0070000000 0.0120000000 0.0120000000
v 0.0080000000 0.0000000000 0.0000000000
v 0.0080000000 0.0000000000 0.0010000000
v 0.0080000000 0.0010000000 0.0000000000
v 0.0080000000 0.0000000000 0.0020000000
v 0.0080000000 0.0010000000 0.0020000000
v 0.0080000000 0.0000000000 0.0050000000
v 0.0080000000 0.0000000000 0.0060000000
v 0.0080000000 0.0010000000 0.0050000000
v 0.0080000000 0.0000000000 0.0070000000
v 0.0080000000 0.0010000000 0.0070000000
v 0.0080000000 0.0000000000 0.0100000000
v 0.0080000000 0.0000000000 0.0110000000
v 0.0080000000 0.0010000000 0.0100000000
v 0.0080000000 0.0000000000 0.0120000000
v 0.0080000000 0.0010000000 0.0120000000
v 0.0080000000 0.0020000000 0.0010000000
v 0.0080000000 0.0020000000 0.0000000000
v 0.0080000000 0.0020000000 0.0020000000
v 0.0080000000 0.0020000000 0.0060000000
v 0.0080000000 0.0020000000 0.0050000000
v 0.0080000000 0.0020000000 0.0070000000
v 0.0080000000 0.0020000000 0.0110000000
v 0.0080000000 0.0020000000 0.0100000000
v 0.0080000000 0.0020000000 0.0120000000
v 0.0080000000 0.0050000000 0.0000000000
v 0.0080000000 0.0050000000 0.0010000000
v 0.0080000000 0.0060000000 0.0000000000
v 0.0080000000 0.0050000000 0.0020000000
v 0.0080000000 0.0060000000 0.0020000000
v 0.0080000000 0.0050000000 0.0050000000
v 0.0080000000 0.0050000000 0.0060000000
v 0.0080000000 0.0060000000 0.0050000000
v 0.0080000000 0.0050000000 0.0070000000
v 0.0080000000 0.0060000000 0.0070000000
v 0.0080000000 0.0050000000 0.0100000000
v 0.0080000000 0.0050000000 0.0110000000
v 0.0080000000 0.0060000000 0.0100000000
v 0.0080000000 0.0050000000 0.0120000000
v 0.0080000000 0.0060000000 0.0120000000
v 0.0080000000 0.0070000000 0.0010000000
v 0.0080000000 0.0070000000 0.0000000000
v 0.0080000000 0.0070000000 0.0020000000
v 0.0080000000 0.0070000000 0.0060000000
v 0.0080000000 0.0070000000 0.0050000000
v 0.0080000000 0.0070000000 0.0070000000
v 0.0080000000 0.0070000000 0.0110000000
v 0.0080000000 0.0070000000 0.0100000000
v 0.0080000000 0.0070000000 0.0120000000
v 0.0080000000 0.0100000000 0.0000000000
v 0.0080000000 0.0100000000 0.0010000000
v 0.0080000000 0.0110000000 0.0000000000
v 0.0080000000 0.0100000000 0.0020000000
v 0.0080000000 0.0110000000 0.0020000000
v 0.0080000000 0.0100000000 0.0050000000
v 0.0080000000 0.0100000000 0.0060000000
v 0.0080000000 0.0110000000 0.0050000000
v 0.0080000000 0.0100000000 0.0070000000
v 0.0080000000 0.0110000000 0.0070000000
v 0.0080000000 0.0100000000 0.0100000000
v 0.0080000000 0.0100000000 0.0110000000
v 0.0080000000 0.0110000000 0.0100000000
v 0.0080000000 0.0100000000 0.0120000000
v 0.0080000000 0.0110000000 0.0120000000
v 0.0080000000 0.0120000000 0.0010000000
v 0.0080000000 0.0120000000 0.0000000000
v 0.0080000000 0.0120000000 0.0020000000
v 0.0080000000 0.0120000000 0.0060000000
v 0.0080000000 0.0120000000 0.0050000000
v 0.0080000000 0.0120000000 0.0070000000
v 0.0080000000 0.0120000000 0.0110000000
v 0.0080000000 0.0120000000 0.0100000000
v 0.0080000000 0.0120000000 0.0120000000
v 0.0090000000 0.0000000000 0.0000000000
v 0.0090000000 0.0000000000 0.0010000000
v 0.0090000000 0.0010000000 0.0000000000
v 0.0090000000 0.0000000000 0.0020000000
v 0.0090000000 0.0010000000 0.0020000000
v 0.0090000000 0.0000000000 0.0050000000
v 0.0090000000 0.0000000000 0.0060000000
v 0.0090000000 0.0010000000 0.0050000000
v 0.0090000000 0.0000000000 0.0070000000
v 0.0090000000 0.0010000000 0.0070000000
v 0.0090000000 0.0000000000 0.0100000000
v 0.0090000000 0.0000000000 0.0110000000
v 0.0090000000 0.0010000000 0.0100000000
v 0.0090000000 0.0000000000 0.0120000000
v 0.0090000000 0.0010000000 0.0120000000
v 0.0090000000 0.0020000000 0.0010000000
v 0.0090000000 0.0020000000 0.0000000000
v 0.0090000000 0.0020000000 0.0020000000
v 0.0090000000 0.0020000000 0.0060000000
v 0.0090000000 0.0020000000 0.0050000000
v 0.0090000000 0.0020000000 0.0070000000
v 0.0090000000 0.0020000000 0.0110000000
v 0.0090000000 0.0020000000 0.0100000000
v 0.0090000000 0.0020000000 0.0120000000
v 0.0090000000 0.0050000000 0.0000000000
v 0.0090000000 0.0050000000 0.0010000000
v 0.0090000000 0.0060000000 0.0000000000
v 0.0090000000 0.0050000000 0.0020000000
v 0.0090000000 0.0060000000 0.0020000000
v 0.0090000000 0.0050000000 0.0050000000
v 0.0090000000 0.0050000000 0.0060000000
v 0.0090000000 0.0060000000 0.0050000000
v 0.0090000000 0.0050000000 0.0070000000
v 0.0090000000 0.0060000000 0.0070000000
v 0.0090000000 0.0050000000 0.0100000000
v 0.0090000000 0.0050000000 0.0110000000
v 0.0090000000 0.0060000000 0.0100000000
v 0.0090000000 0.0050000000 0.0120000000
v 0.0090000000 0.0060000000 0.0120000000
v 0.0090000000 0.0070000000 0.0010000000
v 0.0090000000 0.0070000000 0.0000000000
v 0.0090000000 0.0070000000 0.0020000000
v 0.0090000000 0.0070000000 0.0060000000
v 0.0090000000 0.0070000000 0.0050000000
v 0.0090000000 0.0070000000 0.0070000000
v 0.0090000000 0.0070000000 0.0110000000
v 0.0090000000 0.0070000000 0.0100000000
v 0.0090000000 0.0070000000 0.0120000000
v 0.0090000000 0.0100000000 0.0000000000
v 0.0090000000 0.0100000000 0.0010000000
v 0.0090000000 0.0110000000 0.0000000000
v 0.0090000000 0.0100000000 0.0020000000
v 0.0090000000 0.0110000000 0.0020000000
v 0.0090000000 0.0100000000 0.0050000000
v 0.0090000000 0.0100000000 0.0060000000
v 0.0090000000 0.0110000000 0.0050000000
v 0.0090000000 0.0100000000 0.0070000000
v 0.0090000000 0.0110000000 0.0070000000
v 0.0090000000 0.0100000000 0.0100000000
v 0.0090000000 0.0100000000 0.0110000000
v 0.0090000000 0.0110000000 0.0100000000
v 0.0090000000 0.0100000000 0.0120000000
v 0.0090000000 0.0110000000 0.0120000000
v 0.0090000000 0.0120000000 0.0010000000
v 0.0090000000 0.0120000000 0.0000000000
v 0.0090000000 0.0120000000 0.0020000000
v 0.0090000000 0.0120000000 0.0060000000
v 0.0090000000 0.0120000000 0.0050000000
v 0.0090000000 0.0120000000 0.0070000000
v 0.0090000000 0.0120000000 0.0110000000
v 0.0090000000 0.0120000000 0.0100000000
v 0.0090000000 0.0120000000 0.0120000000
v 0.0100000000 0.0000000000 0.0000000000
v 0.0100000000 0.0000000000 0.0010000000
v 0.0100000000 0.0010000000 0.0000000000
v 0.0100000000 0.0000000000 0.0020000000
v 0.0100000000 0.0010000000 0.0020000000
v 0.0100000000 0.0000000000 0.0050000000
v 0.0100000000 0.0000000000 0.0060000000
v 0.0100000000 0.0010000000 0.0050000000
v 0.0100000000 0.0000000000 0.0070000000
v 0.0100000000 0.0010000000 0.0070000000
v 0.0100000000 0.0000000000 0.0100000000
v 0.0100000000 0.0000000000 0.0110000000
v 0.0100000000 0.0010000000 0.0100000000
v 0.0100000000 0.0000000000 0.0120000000
v 0.0100000000 0.0010000000 0.0120000000
v 0.0100000000 0.0020000000 0.0010000000
v 0.0100000000 0.0020000000 0.0000000000
v 0.0100000000 0.0020000000 0.0020000000
v 0.0100000000 0.0020000000 0.0060000000
v 0.0100000000 0.0020000000 0.0050000000
v 0.0100000000 0.0020000000 0.0070000000
v 0.0100000000 0.0020000000 0.0110000000
v 0.0100000000 0.0020000000 0.0100000000
v 0.0100000000 0.0020000000 0.0120000000
v 0.0100000000 0.0050000000 0.0000000000
v 0.0100000000 0.0050000000 0.0010000000
v 0.0100000000 0.0060000000 0.0000000000
v 0.0100000000 0.0050000000 0.0020000000
v 0.0100000000 0.0060000000 0.0020000000
v 0.0100000000 0.0050000000 0.0050000000
v 0.0100000000 0.0050000000 0.0060000000
v 0.0100000000 0.0060000000 0.0050000000
v 0.0100000000 0.0050000000 0.0070000000
v 0.0100000000 0.0060000000 0.0070000000
v 0.0100000000 0.0050000000 0.0100000000
v 0.0100000000 0.0050000000 0.0110000000
v 0.0100000000 0.0060000000 0.0100000000
v 0.0100000000 0.0050000000 0.0120000000
v 0.0100000000 0.0060000000 0.0120000000
v 0.0100000000 0.0070000000 0.0010000000
v 0.0100000000 0.0070000000 0.0000000000
v 0.0100000000 0.0070000000 0.0020000000
v 0.0100000000 0.0070000000 0.0060000000
v 0.0100000000 0.0070000000 0.0050000000
v 0.0100000000 0.0070000000 0.0070000000
v 0.0100000000 0.0070000000 0.0110000000
v 0.0100000000 0.0070000000 0.0100000000
v 0.0100000000 0.0070000000 0.0120000000
v 0.0100000000 0.0100000000 0.0000000000
v 0.0100000000 0.0100000000 0.0010000000
v 0.0100000000 0.0110000000 0.0000000000
v 0.0100000000 0.0100000000 0.0020000000
v 0.0100000000 0.0110000000 0.0020000000
v 0.0100000000 0.0100000000 0.0050000000
v 0.0100000000 0.0100000000 0.0060000000
v 0.0100000000 0.0110000000 0.0050000000
v 0.0100000000 0.0100000000 0.0070000000
v 0.0100000000 0.0110000000 0.0070000000
v 0.0100000000 0.0100000000 0.0100000000
v 0.0100000000 0.0100000000 0.0110000000
v 0.0100000000 0.0110000000 0.0100000000
v 0.0100000000 0.0100000000 0.0120000000
v 0.0100000000 0.0110000000 0.0120000000
v 0.0100000000 0.0120000000 0.0010000000
v 0.0100000000 0.0120000000 0.0000000000
v 0.0100000000 0.0120000000 0.0020000000
v 0.0100000000 0.0120000000 0.0060000000
v 0.0100000000 0.0120000000 0.0050000000
v 0.0100000000 0.0120000000 0.0070000000
v 0.0100000000 0.0120000000 0.0110000000
v 0.0100000000 0.0120000000 0.0100000000
v 0.0100000000 0.0120000000 0.0120000000
v 0.0110000000 0.0000000000 0.0000000000
v 0.0110000000 0.0000000000 0.0010000000
v 0.0110000000 0.0010000000 0.0000000000
v 0.0110000000 0.0000000000 0.0020000000
v 0.0100000000 0.0000000000 0.0030000000
v 0.0100000000 0.0010000000 0.0030000000
v 0.0110000000 0.0000000000 0.0030000000
v 0.0100000000 0.0000000000 0.0040000000
v 0.0100000000 0.0010000000 0.0040000000
v 0.0110000000 0.0000000000 0.0040000000
v 0.0110000000 0.0000000000 0.0050000000
v 0.0110000000 0.0000000000 0.0060000000
v 0.0110000000 0.0000000000 0.0070000000
v 0.0100000000 0.0000000000 0.0080000000
v 0.0100000000 0.0010000000 0.0080000000
v 0.0110000000 0.0000000000 0.0080000000
v 0.0100000000 0.0000000000 0.0090000000
v 0.0100000000 0.0010000000 0.0090000000
v 0.0110000000 0.0000000000 0.0090000000
v 0.0110000000 0.0000000000 0.0100000000
v 0.0110000000 0.0000000000 0.0110000000
v 0.0110000000 0.0000000000 0.0120000000
v 0.0110000000 0.0010000000 0.0120000000
v 0.0110000000 0.0020000000 0.0000000000
v 0.0100000000 0.0020000000 0.0030000000
v 0.0110000000 0.0020000000 0.0030000000
v 0.0110000000 0.0020000000 0.0020000000
v 0.0100000000 0.0020000000 0.0040000000
v 0.0110000000 0.0020000000 0.0040000000
v 0.0110000000 0.0020000000 0.0050000000
v 0.0100000000 0.0020000000 0.0080000000
v 0.0110000000 0.0020000000 0.0080000000
v 0.0110000000 0.0020000000 0.0070000000
v 0.0100000000 0.0020000000 0.0090000000
v 0.0110000000 0.0020000000 0.0090000000
v 0.0110000000 0.0020000000 0.0100000000
v 0.0110000000 0.0020000000 0.0120000000
v 0.0100000000 0.0030000000 0.0010000000
v 0.0100000000 0.0030000000 0.0000000000
v 0.0110000000 0.0030000000 0.0000000000
v 0.0100000000 0.0030000000 0.0020000000
v 0.0110000000 0.0030000000 0.0020000000
v 0.0100000000 0.0030000000 0.0060000000
v 0.0100000000 0.0030000000 0.0050000000
v 0.0110000000 0.0030000000 0.0050000000
v 0.0100000000 0.0030000000 0.0070000000
v 0.0110000000 0.0030000000 0.0070000000
v 0.0100000000 0.0030000000 0.0110000000
v 0.0100000000 0.0030000000 0.0100000000
v 0.0110000000 0.0030000000 0.0100000000
v 0.0100000000 0.0030000000 0.0120000000
v 0.0110000000 0.0030000000 0.0120000000
v 0.0100000000 0.0040000000 0.0010000000
v 0.0100000000 0.0040000000 0.0000000000
v 0.0110000000 0.0040000000 0.0000000000
v 0.0100000000 0.0040000000 0.0020000000
v 0.0110000000 0.0040000000 0.0020000000
v 0.0100000000 0.0040000000 0.0060000000
v 0.0100000000 0.0040000000 0.0050000000
v 0.0110000000 0.0040000000 0.0050000000
v 0.0100000000 0.0040000000 0.0070000000
v 0.0110000000 0.0040000000 0.0070000000
v 0.0100000000 0.0040000000 0.0110000000
v 0.0100000000 0.0040000000 0.0100000000
v 0.0110000000 0.0040000000 0.0100000000
v 0.0100000000 0.0040000000 0.0120000000
v 0.0110000000 0.0040000000 0.0120000000
v 0.0110000000 0.0050000000 0.0000000000
v 0.0110000000 0.0050000000 0.0020000000
v 0.0110000000 0.0050000000 0.0050000000
v 0.0110000000 0.0050000000 0.0070000000
v 0.0110000000 0.0050000000 0.0100000000
v 0.0110000000 0.0050000000 0.0120000000
v 0.0110000000 0.0060000000 0.0000000000
v 0.0100000000 0.0050000000 0.0030000000
v 0.0100000000 0.0060000000 0.0030000000
v 0.0110000000 0.0050000000 0.0030000000
v 0.0100000000 0.0050000000 0.0040000000
v 0.0100000000 0.0060000000 0.0040000000
v 0.0110000000 0.0050000000 0.0040000000
v 0.0100000000 0.0050000000 0.0080000000
v 0.0100000000 0.0060000000 0.0080000000
v 0.0110000000 0.0050000000 0.0080000000
v 0.0100000000 0.0050000000 0.0090000000
v 0.0100000000 0.0060000000 0.0090000000
v 0.0110000000 0.0050000000 0.0090000000
v 0.0110000000 0.0060000000 0.0120000000
v 0.0110000000 0.0070000000 0.0000000000
v 0.0100000000 0.0070000000 0.0030000000
v 0.0110000000 0.0070000000 0.0030000000
v 0.0110000000 0.0070000000 0.0020000000
v 0.0100000000 0.0070000000 0.0040000000
v 0.0110000000 0.0070000000 0.0040000000
v 0.0110000000 0.0070000000 0.0050000000
v 0.0100000000 0.0070000000 0.0080000000
v 0.0110000000 0.0070000000 0.0080000000
v 0.0110000000 0.0070000000 0.0070000000
v 0.0100000000 0.0070000000 0.0090000000
v 0.0110000000 0.0070000000 0.0090000000
v 0.0110000000 0.0070000000 0.0100000000
v 0.0110000000 0.0070000000 0.0120000000
v 0.0100000000 0.0080000000 0.0010000000
v 0.0100000000 0.0080000000 0.0000000000
v 0.0110000000 0.0080000000 0.0000000000
v 0.0100000000 0.0080000000 0.0020000000
v 0.0110000000 0.0080000000 0.0020000000
v 0.0100000000 0.0080000000 0.0060000000
v 0.0100000000 0.0080000000 0.0050000000
v 0.0110000000 0.0080000000 0.0050000000
v 0.0100000000 0.0080000000 0.0070000000
v 0.0110000000 0.0080000000 0.0070000000
v 0.0100000000 0.0080000000 0.0110000000
v 0.0100000000 0.0080000000 0.0100000000
v 0.0110000000 0.0080000000 0.0100000000
v 0.0100000000 0.0080000000 0.0120000000
v 0.0110000000 0.0080000000 0.0120000000
v 0.0100000000 0.0090000000 0.0010000000
v 0.0100000000 0.0090000000 0.0000000000
v 0.0110000000 0.0090000000 0.0000000000
v 0.0100000000 0.0090000000 0.0020000000
v 0.0110000000 0.0090000000 0.0020000000
v 0.0100000000 0.0090000000 0.0060000000
v 0.0100000000 0.0090000000 0.0050000000
v 0.0110000000 0.0090000000 0.0050000000
v 0.0100000000 0.0090000000 0.0070000000
v 0.0110000000 0.0090000000 0.0070000000
v 0.0100000000 0.0090000000 0.0110000000
v 0.0100000000 0.0090000000 0.0100000000
v 0.0110000000 0.0090000000 0.0100000000
v 0.0100000000 0.0090000000 0.0120000000
v 0.0110000000 0.0090000000 0.0120000000
v 0.0110000000 0.0100000000 0.0000000000
v 0.0110000000 0.0100000000 0.0020000000
v 0.0110000000 0.0100000000 0.0050000000
v 0.0110000000 0.0100000000 0.0070000000
v 0.0110000000 0.0100000000 0.0100000000
v 0.0110000000 0.0100000000 0.0120000000
v 0.0110000000 0.0110000000 0.0000000000
v 0.0100000000 0.0100000000 0.0030000000
v 0.0100000000 0.0110000000 0.0030000000
v 0.0110000000 0.0100000000 0.0030000000
v 0.0100000000 0.0100000000 0.0040000000
v 0.0100000000 0.0110000000 0.0040000000
v 0.0110000000 0.0100000000 0.0040000000
v 0.0100000000 0.0100000000 0.0080000000
v 0.0100000000 0.0110000000 0.0080000000
v 0.0110000000 0.0100000000 0.0080000000
v 0.0100000000 0.0100000000 0.0090000000
v 0.0100000000 0.0110000000 0.0090000000
v 0.0110000000 0.0100000000 0.0090000000
v 0.0110000000 0.0110000000 0.0120000000
v 0.0110000000 0.0120000000 0.0010000000
v 0.0110000000 0.0120000000 0.0000000000
v 0.0110000000 0.0120000000 0.0020000000
v 0.0100000000 0.0120000000 0.0030000000
v 0.0110000000 0.0120000000 0.0030000000
v 0.0100000000 0.0120000000 0.0040000000
v 0.0110000000 0.0120000000 0.0040000000
v 0.0110000000 0.0120000000 0.0050000000
v 0.0110000000 0.0120000000 0.0060000000
v 0.0110000000 0.0120000000 0.0070000000
v 0.0100000000 0.0120000000 0.0080000000
v 0.0110000000 0.0120000000 0.0080000000
v 0.0100000000 0.0120000000 0.0090000000
v 0.0110000000 0.0120000000 0.0090000000
v 0.0110000000 0.0120000000 0.0100000000
v 0.0110000000 0.0120000000 0.0110000000
v 0.0110000000 0.0120000000 0.0120000000
v 0.0120000000 0.0000000000 0.0000000000
v 0.0120000000 0.0010000000 0.0000000000
v 0.0120000000 0.0010000000 0.0010000000
v 0.0120000000 0.0000000000 0.0010000000
v 0.0120000000 0.0010000000 0.0020000000
v 0.0120000000 0.0000000000 0.0020000000
v 0.0120000000 0.0010000000 0.0030000000
v 0.0120000000 0.0000000000 0.0030000000
v 0.0120000000 0.0010000000 0.0040000000
v 0.0120000000 0.0000000000 0.0040000000
v 0.0120000000 0.0010000000 0.0050000000
v 0.0120000000 0.0000000000 0.0050000000
v 0.0120000000 0.0010000000 0.0060000000
v 0.0120000000 0.0000000000 0.0060000000
v 0.0120000000 0.0010000000 0.0070000000
v 0.0120000000 0.0000000000 0.0070000000
v 0.0120000000 0.0010000000 0.0080000000
v 0.0120000000 0.0000000000 0.0080000000
v 0.0120000000 0.0010000000 0.0090000000
v 0.0120000000 0.0000000000 0.0090000000
v 0.0120000000 0.0010000000 0.0100000000
v 0.0120000000 0.0000000000 0.0100000000
v 0.0120000000 0.0010000000 0.0110000000
v 0.0120000000 0.0000000000 0.0110000000
v 0.0120000000 0.0010000000 0.0120000000
v 0.0120000000 0.0000000000 0.0120000000
v 0.0120000000 0.0020000000 0.0000000000
v 0.0120000000 0.0020000000 0.0010000000
v 0.0120000000 0.0020000000 0.0020000000
v 0.0120000000 0.0020000000 0.0030000000
v 0.0120000000 0.0020000000 0.0040000000
v 0.0120000000 0.0020000000 0.0050000000
v 0.0120000000 0.0020000000 0.0060000000
v 0.0120000000 0.0020000000 0.0070000000
v 0.0120000000 0.0020000000 0.0080000000
v 0.0120000000 0.0020000000 0.0090000000
v 0.0120000000 0.0020000000 0.0100000000
v 0.0120000000 0.0020000000 0.0110000000
v 0.0120000000 0.0020000000 0.0120000000
v 0.0120000000 0.0030000000 0.0000000000
v 0.0120000000 0.0030000000 0.0010000000
v 0.0120000000 0.0030000000 0.0020000000
v 0.0120000000 0.0030000000 0.0050000000
v 0.0120000000 0.0030000000 0.0060000000
v 0.0120000000 0.0030000000 0.0070000000
v 0.0120000000 0.0030000000 0.0100000000
v 0.0120000000 0.0030000000 0.0110000000
v 0.0120000000 0.0030000000 0.0120000000
v 0.0120000000 0.0040000000 0.0000000000
v 0.0120000000 0.0040000000 0.0010000000
v 0.0120000000 0.0040000000 0.0020000000
v 0.0120000000 0.0040000000 0.0050000000
v 0.0120000000 0.0040000000 0.0060000000
v 0.0120000000 0.0040000000 0.0070000000
v 0.0120000000 0.0040000000 0.0100000000
v 0.0120000000 0.0040000000 0.0110000000
v 0.0120000000 0.0040000000 0.0120000000
v 0.0120000000 0.0050000000 0.0000000000
v 0.0120000000 0.0050000000 0.0010000000
v 0.0120000000 0.0050000000 0.0020000000
v 0.0120000000 0.0050000000 0.0050000000
v 0.0120000000 0.0050000000 0.0060000000
v 0.0120000000 0.0050000000 0.0070000000
v 0.0120000000 0.0050000000 0.0100000000
v 0.0120000000 0.0050000000 0.0110000000
v 0.0120000000 0.0050000000 0.0120000000
v 0.0120000000 0.0060000000 0.0000000000
v 0.0120000000 0.0060000000 0.0010000000
v 0.0120000000 0.0060000000 0.0020000000
v 0.0120000000 0.0060000000 0.0030000000
v 0.0120000000 0.0050000000 0.0030000000
v 0.0120000000 0.0060000000 0.0040000000
v 0.0120000000 0.0050000000 0.0040000000
v 0.0120000000 0.0060000000 0.0050000000
v 0.0120000000 0.0060000000 0.0060000000
v 0.0120000000 0.0060000000 0.0070000000
v 0.0120000000 0.0060000000 0.0080000000
v 0.0120000000 0.0050000000 0.0080000000
v 0.0120000000 0.0060000000 0.0090000000
v 0.0120000000 0.0050000000 0.0090000000
v 0.0120000000 0.0060000000 0.0100000000
v 0.0120000000 0.0060000000 0.0110000000
v 0.0120000000 0.0060000000 0.0120000000
v 0.0120000000 0.0070000000 0.0000000000
v 0.0120000000 0.0070000000 0.0010000000
v 0.0120000000 0.0070000000 0.0020000000
v 0.0120000000 0.0070000000 0.0030000000
v 0.0120000000 0.0070000000 0.0040000000
v 0.0120000000 0.0070000000 0.0050000000
v 0.0120000000 0.0070000000 0.0060000000
v 0.0120000000 0.0070000000 0.0070000000
v 0.0120000000 0.0070000000 0.0080000000
v 0.0120000000 0.0070000000 0.0090000000
v 0.0120000000 0.0070000000 0.0100000000
v 0.0120000000 0.0070000000 0.0110000000
v 0.0120000000 0.0070000000 0.0120000000
v 0.0120000000 0.0080000000 0.0000000000
v 0.0120000000 0.0080000000 0.0010000000
v 0.0120000000 0.0080000000 0.0020000000
v 0.0120000000 0.0080000000 0.0050000000
v 0.0120000000 0.0080000000 0.0060000000
v 0.0120000000 0.0080000000 0.0070000000
v 0.0120000000 0.0080000000 0.0100000000
v 0.0120000000 0.0080000000 0.0110000000
v 0.0120000000 0.0080000000 0.0120000000
v 0.0120000000 0.0090000000 0.0000000000
v 0.0120000000 0.0090000000 0.0010000000
v 0.0120000000 0.0090000000 0.0020000000
v 0.0120000000 0.0090000000 0.0050000000
v 0.0120000000 0.0090000000 0.0060000000
v 0.0120000000 0.0090000000 0.0070000000
v 0.0120000000 0.0090000000 0.0100000000
v 0.0120000000 0.0090000000 0.0110000000
v 0.0120000000 0.0090000000 0.0120000000
v 0.0120000000 0.0100000000 0.0000000000
v 0.0120000000 0.0100000000 0.0010000000
v 0.0120000000 0.0100000000 0.0020000000
v 0.0120000000 0.0100000000 0.0050000000
v 0.0120000000 0.0100000000 0.0060000000
v 0.0120000000 0.0100000000 0.0070000000
v 0.0120000000 0.0100000000 0.0100000000
v 0.0120000000 0.0100000000 0.0110000000
v 0.0120000000 0.0100000000 0.0120000000
v 0.0120000000 0.0110000000 0.0000000000
v 0.0120000000 0.0110000000 0.0010000000
v 0.0120000000 0.0110000000 0.0020000000
v 0.0120000000 0.0110000000 0.0030000000
v 0.0120000000 0.0100000000 0.0030000000
v 0.0120000000 0.0110000000 0.0040000000
v 0.0120000000 0.0100000000 0.0040000000
v 0.0120000000 0.0110000000 0.0050000000
v 0.0120000000 0.0110000000 0.0060000000
v 0.0120000000 0.0110000000 0.0070000000
v 0.0120000000 0.0110000000 0.0080000000
v 0.0120000000 0.0100000000 0.0080000000
v 0.0120000000 0.0110000000 0.0090000000
v 0.0120000000 0.0100000000 0.0090000000
v 0.0120000000 0.0110000000 0.0100000000
v 0.0120000000 0.0110000000 0.0110000000
v 0.0120000000 0.0110000000 0.0120000000
v 0.0120000000 0.0120000000 0.0000000000
v 0.0120000000 0.0120000000 0.0010000000
v 0.0120000000 0.0120000000 0.0020000000
v 0.0120000000 0.0120000000 0.0030000000
v 0.0120000000 0.0120000000 0.0040000000
v 0.0120000000 0.0120000000 0.0050000000
v 0.0120000000 0.0120000000 0.0060000000
v 0.0120000000 0.0120000000 0.0070000000
v 0.0120000000 0.0120000000 0.0080000000
v 0.0120000000 0.0120000000 0.0090000000
v 0.0120000000 0.0120000000 0.0100000000
v 0.0120000000 0.0120000000 0.0110000000
v 0.0120000000 0.0120000000 0.0120000000
v 0.0140000000 0.0140000000 0.0140000000
v 0.0142000000 0.0140000000 0.0140000000
v 0.0142000000 0.0142000000 0.0140000000
v 0.0140000000 0.0142000000 0.0140000000
v 0.0140000000 0.0140000000 0.0142000000
v 0.0142000000 0.0140000000 0.0142000000
v 0.0142000000 0.0142000000 0.0142000000
v 0.0140000000 0.0142000000 0.0142000000
f 1 5 6
f 1 6 2
f 1 4 7
f 1 7 5
f 2 8 9
f 2 9 3
f 2 6 10
f 2 10 8
f 8 11 12
f 8 12 9
f 8 10 13
f 8 13 11
f 11 14 15
f 11 15 12
f 11 13 16
f 11 16 14
f 14 17 18
f 14 18 15
f 14 16 19
f 14 19 17
f 17 20 21
f 17 21 18
f 17 19 22
f 20 22 17
f 20 23 24
f 20 24 21
f 20 22 25
f 20 25 23
f 23 26 27
f 23 27 24
f 23 25 28
f 23 28 26
f 26 29 30
f 26 30 27
f 26 28 31
f 26 31 29
f 29 32 33
f 29 33 30
f 29 31 34
f 29 34 32
f 32 35 36
f 32 36 33
f 32 34 37
f 32 37 35
f 35 38 39
f 35 39 36
f 35 37 40
f 35 40 38
f 38 40 41
f 38 41 39
f 4 3 42
f 4 42 43
f 4 43 44
f 4 44 7
f 3 9 45
f 3 45 42
f 9 12 46
f 9 46 45
f 45 46 47
f 45 47 48
f 12 15 49
f 12 49 46
f 46 49 50
f 46 50 47
f 15 18 51
f 15 51 49
f 49 51 52
f 49 52 50
f 18 21 53
f 18 53 51
f 21 24 54
f 21 54 53
f 24 27 55
f 24 55 54
f 54 55 56
f 54 56 57
f 27 30 58
f 27 58 55
f 55 58 59
f 55 59 56
f 30 33 60
f 30 60 58
f 58 60 61
f 58 61 59
f 33 36 62
f 33 62 60
f 36 39 63
f 36 63 62
f 39 41 64
f 39 64 63
f 43 42 65
f 43 65 66
f 43 66 67
f 43 67 44
f 42 45 68
f 42 68 65
f 45 48 69
f 45 69 68
f 51 53 70
f 51 70 71
f 51 71 72
f 51 72 52
f 53 54 73
f 53 73 70
f 54 57 74
f 54 74 73
f 60 62 75
f 60 75 76
f 60 76 77
f 60 77 61
f 62 63 78
f 62 78 75
f 63 64 79
f 63 79 78
f 66 65 80
f 66 80 81
f 66 81 82
f 66 82 67
f 65 68 83
f 65 83 80
f 68 69 84
f 68 84 83
f 71 70 85
f 71 85 86
f 87 86 71
f 71 87 72
f 70 73 88
f 70 88 85
f 73 74 89
f 73 89 88
f 76 75 90
f 76 90 91
f 76 91 92
f 76 92 77
f 75 78 93
f 75 93 90
f 78 79 94
f 78 94 93
f 81 80 95
f 81 95 96
f 81 96 97
f 81 97 82
f 80 83 98
f 80 98 95
f 83 84 99
f 83 99 98
f 86 85 100
f 86 100 101
f 86 101 102
f 86 102 87
f 85 88 103
f 85 103 100
f 88 89 104
f 88 104 103
f 91 90 105
f 91 105 106
f 91 106 107
f 91 107 92
f 90 93 108
f 90 108 105
f 93 94 109
f 93 109 108
f 96 95 110
f 96 110 111
f 96 111 112
f 96 112 97
f 95 98 113
f 95 113 110
f 98 114 115
f 98 115 113
f 98 99 116
f 98 116 114
f 114 117 118
f 114 118 115
f 114 116 119
f 114 119 117
f 117 101 120
f 117 120 118
f 117 119 102
f 117 102 101
f 101 100 121
f 101 121 120
f 100 103 122
f 100 122 121
f 103 123 124
f 103 124 122
f 103 104 125
f 103 125 123
f 123 126 127
f 123 127 124
f 123 125 128
f 123 128 126
f 126 106 129
f 126 129 127
f 126 128 107
f 126 107 106
f 106 105 130
f 106 130 129
f 105 108 131
f 105 131 130
f 108 109 132
f 108 132 131
f 111 110 133
f 111 133 134
f 111 134 135
f 111 135 112
f 110 113 136
f 110 136 133
f 113 115 137
f 113 137 136
f 136 137 138
f 136 138 139
f 115 118 140
f 115 140 137
f 137 140 141
f 137 141 138
f 118 120 142
f 118 142 140
f 140 142 143
f 140 143 141
f 120 121 144
f 120 144 142
f 121 122 145
f 121 145 144
f 122 124 146
f 145 146 122
f 145 146 147
f 145 147 148
f 124 127 149
f 124 149 146
f 146 149 150
f 146 150 147
f 127 129 151
f 127 151 149
f 149 151 152
f 149 152 150
f 129 130 153
f 129 153 151
f 130 131 154
f 130 154 153
f 131 132 155
f 131 155 154
f 134 133 156
f 134 156 157
f 134 157 158
f 134 158 135
f 133 136 159
f 133 159 156
f 136 139 160
f 136 160 159
f 142 144 161
f 142 161 162
f 142 162 163
f 142 163 143
f 144 145 164
f 144 164 161
f 145 148 165
f 145 165 164
f 151 153 166
f 151 166 167
f 151 167 168
f 151 168 152
f 153 154 169
f 153 169 166
f 154 155 170
f 154 170 169
f 157 156 171
f 157 171 172
f 157 172 173
f 157 173 158
f 156 159 174
f 156 174 171
f 159 160 175
f 159 175 174
f 162 161 176
f 162 176 177
f 162 177 178
f 162 178 163
f 161 164 179
f 161 179 176
f 164 165 180
f 164 180 179
f 167 166 181
f 167 181 182
f 167 182 183
f 167 183 168
f 166 169 184
f 166 184 181
f 169 170 185
f 169 185 184
f 172 171 186
f 172 186 187
f 172 187 188
f 172 188 173
f 171 174 189
f 171 189 186
f 174 175 190
f 174 190 189
f 177 176 191
f 177 191 192
f 177 192 193
f 177 193 178
f 176 179 194
f 176 194 191
f 179 180 195
f 179 195 194
f 182 181 196
f 182 196 197
f 182 197 198
f 182 198 183
f 181 184 199
f 181 199 196
f 184 185 200
f 184 200 199
f 187 186 201
f 187 201 202
f 187 202 203
f 187 203 188
f 186 189 204
f 186 204 201
f 189 205 206
f 189 206 204
f 189 190 207
f 189 207 205
f 205 208 209
f 205 209 206
f 210 207 205
f 205 210 208
f 208 192 211
f 208 211 209
f 208 210 193
f 208 193 192
f 192 191 212
f 192 212 211
f 191 194 213
f 191 213 212
f 194 214 215
f 194 215 213
f 194 195 216
f 194 216 214
f 214 217 218
f 214 218 215
f 214 216 219
f 214 219 217
f 217 197 220
f 217 220 218
f 217 219 198
f 217 198 197
f 197 196 221
f 197 221 220
f 196 199 222
f 196 222 221
f 199 200 223
f 199 223 222
f 202 201 224
f 202 224 225
f 225 224 226
f 225 226 227
f 202 225 227
f 202 227 203
f 201 204 228
f 201 228 224
f 224 228 229
f 224 229 226
f 204 206 230
f 204 230 228
f 228 230 231
f 228 231 229
f 206 209 232
f 206 232 230
f 230 232 233
f 230 233 231
f 209 211 234
f 209 234 232
f 232 234 235
f 232 235 233
f 211 212 236
f 211 236 234
f 234 236 237
f 234 237 235
f 212 213 238
f 212 238 236
f 236 238 239
f 236 239 237
f 213 215 240
f 213 240 238
f 238 240 241
f 238 241 239
f 215 218 242
f 215 242 240
f 240 242 243
f 240 243 241
f 218 220 244
f 218 244 242
f 242 244 245
f 242 245 243
f 220 221 246
f 220 246 244
f 244 246 247
f 244 247 245
f 221 222 248
f 221 248 246
f 246 248 249
f 246 249 247
f 222 223 249
f 222 249 248
f 5 250 251
f 5 251 6
f 5 7 252
f 5 252 250
f 6 251 253
f 6 253 10
f 253 254 255
f 253 255 256
f 10 253 256
f 10 256 13
f 256 255 257
f 256 257 258
f 13 256 258
f 13 258 16
f 258 257 259
f 258 259 260
f 16 258 260
f 16 260 19
f 19 260 261
f 19 261 22
f 22 261 262
f 25 262 22
f 262 263 264
f 262 264 265
f 25 262 265
f 25 265 28
f 265 264 266
f 265 266 267
f 28 265 267
f 28 267 31
f 267 266 268
f 267 268 269
f 31 267 269
f 31 269 34
f 34 269 270
f 34 270 37
f 37 270 271
f 37 271 40
f 40 271 272
f 40 272 41
f 7 44 273
f 7 273 252
f 254 274 275
f 254 275 255
f 48 47 275
f 48 275 274
f 255 275 276
f 255 276 257
f 47 50 276
f 47 276 275
f 257 276 277
f 257 277 259
f 50 52 277
f 50 277 276
f 263 278 279
f 263 279 264
f 57 56 279
f 57 279 278
f 264 279 280
f 264 280 266
f 56 59 280
f 56 280 279
f 266 280 281
f 266 281 268
f 59 61 281
f 59 281 280
f 41 272 282
f 41 282 64
f 273 283 284
f 273 284 285
f 44 67 283
f 44 283 273
f 285 284 286
f 285 286 274
f 48 274 286
f 48 286 69
f 277 287 288
f 277 288 289
f 52 72 287
f 52 287 277
f 289 288 290
f 289 290 278
f 57 278 290
f 57 290 74
f 281 291 292
f 281 292 293
f 61 77 291
f 61 291 281
f 293 292 294
f 293 294 282
f 64 282 294
f 64 294 79
f 283 295 296
f 283 296 284
f 67 82 295
f 67 295 283
f 284 296 297
f 284 297 286
f 69 286 297
f 69 297 84
f 287 298 299
f 287 299 288
f 72 87 298
f 72 298 287
f 288 299 300
f 288 300 290
f 74 290 300
f 74 300 89
f 291 301 302
f 291 302 292
f 77 92 301
f 77 301 291
f 292 302 303
f 292 303 294
f 79 294 303
f 79 303 94
f 295 304 305
f 295 305 296
f 82 97 304
f 82 304 295
f 296 305 306
f 296 306 297
f 306 297 84
f 84 306 99
f 298 307 308
f 298 308 299
f 87 102 307
f 87 307 298
f 299 308 309
f 299 309 300
f 89 300 309
f 89 309 104
f 301 310 311
f 301 311 302
f 92 107 310
f 92 310 301
f 302 311 312
f 302 312 303
f 94 303 312
f 94 312 109
f 97 112 313
f 97 313 304
f 306 314 315
f 306 315 316
f 99 306 316
f 99 316 116
f 316 315 317
f 316 317 318
f 116 316 318
f 116 318 119
f 318 317 319
f 318 319 307
f 119 318 307
f 119 307 102
f 309 320 321
f 309 321 322
f 104 309 322
f 104 322 125
f 322 321 323
f 322 323 324
f 125 322 324
f 125 324 128
f 324 323 325
f 324 325 310
f 128 324 310
f 128 310 107
f 109 312 326
f 109 326 132
f 112 135 327
f 112 327 313
f 314 328 329
f 314 329 315
f 139 138 329
f 139 329 328
f 315 329 330
f 315 330 317
f 138 141 330
f 138 330 329
f 317 330 331
f 317 331 319
f 141 143 331
f 141 331 330
f 320 332 333
f 320 333 321
f 148 147 333
f 148 333 332
f 321 333 334
f 321 334 323
f 147 150 334
f 147 334 333
f 323 334 335
f 323 335 325
f 150 152 335
f 150 335 334
f 132 326 336
f 132 336 155
f 327 337 338
f 327 338 339
f 135 158 337
f 135 337 327
f 339 338 340
f 339 340 328
f 139 328 340
f 139 340 160
f 331 341 342
f 331 342 343
f 143 163 341
f 143 341 331
f 343 342 344
f 343 344 332
f 148 332 344
f 148 344 165
f 335 345 346
f 335 346 347
f 152 168 345
f 152 345 335
f 347 346 348
f 347 348 336
f 155 336 348
f 155 348 170
f 337 349 350
f 337 350 338
f 158 173 349
f 337 349 158
f 338 350 351
f 338 351 340
f 160 340 351
f 160 351 175
f 341 352 353
f 341 353 342
f 163 178 352
f 163 352 341
f 342 353 354
f 342 354 344
f 165 344 354
f 165 354 180
f 345 355 356
f 345 356 346
f 168 183 355
f 168 355 345
f 346 356 357
f 346 357 348
f 170 348 357
f 170 357 185
f 349 358 359
f 349 359 350
f 173 188 358
f 173 358 349
f 350 359 360
f 350 360 351
f 175 351 360
f 175 360 190
f 352 361 362
f 352 362 353
f 178 193 361
f 178 361 352
f 353 362 363
f 353 363 354
f 180 354 363
f 180 363 195
f 355 364 365
f 355 365 356
f 183 198 364
f 183 364 355
f 356 365 366
f 356 366 357
f 185 357 366
f 185 366 200
f 188 203 367
f 188 367 358
f 360 368 369
f 360 369 370
f 190 360 370
f 190 370 207
f 370 369 371
f 370 371 372
f 207 370 372
f 207 372 210
f 372 371 373
f 372 373 361
f 210 372 361
f 210 361 193
f 363 374 375
f 363 375 376
f 195 363 376
f 195 376 216
f 376 375 377
f 376 377 378
f 216 376 378
f 216 378 219
f 378 377 379
f 378 379 364
f 219 378 364
f 219 364 198
f 200 366 380
f 200 380 223
f 227 226 381
f 227 381 382
f 203 227 382
f 203 382 367
f 226 229 383
f 226 383 381
f 368 383 384
f 368 384 369
f 229 231 384
f 229 384 383
f 369 384 385
f 369 385 371
f 231 233 385
f 231 385 384
f 371 385 386
f 371 386 373
f 233 235 386
f 233 386 385
f 235 237 387
f 235 387 386
f 237 239 388
f 237 388 387
f 374 388 389
f 374 389 375
f 239 241 389
f 239 389 388
f 375 389 390
f 375 390 377
f 390 243 241
f 241 390 389
f 377 390 391
f 377 391 379
f 243 245 391
f 243 391 390
f 245 247 392
f 245 392 391
f 247 249 393
f 247 393 392
f 223 380 393
f 223 393 249
f 250 394 395
f 250 395 251
f 250 252 396
f 250 396 394
f 251 395 397
f 251 397 253
f 253 397 398
f 253 398 254
f 260 399 400
f 260 400 261
f 260 259 401
f 260 401 399
f 261 400 402
f 261 402 262
f 262 402 403
f 262 403 263
f 269 404 405
f 269 405 270
f 269 268 406
f 269 406 404
f 270 405 407
f 270 407 271
f 271 407 408
f 271 408 272
f 273 285 409
f 273 409 410
f 252 273 410
f 252 410 396
f 285 274 411
f 285 411 409
f 254 398 411
f 254 411 274
f 277 289 412
f 277 412 413
f 259 277 413
f 259 413 401
f 289 278 414
f 289 414 412
f 263 403 414
f 263 414 278
f 281 293 415
f 281 415 416
f 268 281 416
f 268 416 406
f 293 282 417
f 293 417 415
f 272 408 417
f 272 417 282
f 304 418 419
f 304 419 305
f 304 313 420
f 304 420 418
f 305 419 421
f 305 421 306
f 306 421 422
f 306 422 314
f 307 423 424
f 307 424 308
f 307 319 425
f 307 425 423
f 308 424 426
f 308 426 309
f 309 426 427
f 309 427 320
f 310 428 429
f 310 429 311
f 310 325 430
f 310 430 428
f 311 429 431
f 311 431 312
f 312 431 432
f 312 432 326
f 327 339 433
f 327 433 434
f 313 327 434
f 313 434 420
f 339 328 435
f 339 435 433
f 314 422 435
f 314 435 328
f 331 343 436
f 331 436 437
f 319 331 437
f 319 437 425
f 343 332 438
f 343 438 436
f 320 427 438
f 320 438 332
f 335 347 439
f 440 439 335
f 325 335 440
f 325 440 430
f 347 336 441
f 347 441 439
f 326 432 441
f 326 441 336
f 358 442 443
f 358 443 359
f 358 367 444
f 358 444 442
f 359 443 445
f 359 445 360
f 360 445 446
f 360 446 368
f 361 447 448
f 361 448 362
f 361 373 449
f 361 449 447
f 362 448 450
f 362 450 363
f 363 450 451
f 363 451 374
f 364 452 453
f 364 453 365
f 364 379 454
f 364 454 452
f 365 453 455
f 365 455 366
f 366 455 456
f 366 456 380
f 382 381 457
f 382 457 458
f 367 382 458
f 367 458 444
f 381 383 459
f 381 459 457
f 368 446 459
f 368 459 383
f 386 387 460
f 386 460 461
f 373 386 461
f 373 461 449
f 387 388 462
f 387 462 460
f 374 451 462
f 374 462 388
f 391 392 463
f 391 463 464
f 379 391 464
f 379 464 454
f 392 393 465
f 392 465 463
f 380 456 465
f 380 465 393
f 394 466 467
f 394 467 395
f 394 396 468
f 394 468 466
f 395 467 469
f 395 469 397
f 397 469 470
f 397 470 398
f 399 471 472
f 399 472 400
f 399 401 473
f 399 473 471
f 400 472 474
f 400 474 402
f 402 474 475
f 402 475 403
f 404 476 477
f 404 477 405
f 404 406 478
f 404 478 476
f 405 477 479
f 405 479 407
f 407 479 480
f 407 480 408
f 410 409 481
f 410 481 482
f 396 410 482
f 396 482 468
f 409 411 483
f 409 483 481
f 398 470 483
f 398 483 411
f 413 412 484
f 413 484 485
f 401 413 485
f 401 485 473
f 412 414 486
f 412 486 484
f 403 475 486
f 403 486 414
f 416 415 487
f 416 487 488
f 406 416 488
f 406 488 478
f 415 417 489
f 415 489 487
f 489 480 408
f 408 489 417
f 418 490 491
f 418 491 419
f 418 420 492
f 418 492 490
f 419 491 493
f 419 493 421
f 421 493 494
f 421 494 422
f 423 495 496
f 423 496 424
f 423 425 497
f 423 497 495
f 424 496 498
f 424 498 426
f 426 498 499
f 426 499 427
f 428 500 501
f 428 501 429
f 428 430 502
f 428 502 500
f 429 501 503
f 429 503 431
f 431 503 504
f 431 504 432
f 434 433 505
f 434 505 506
f 420 434 506
f 420 506 492
f 433 435 507
f 433 507 505
f 422 494 507
f 422 507 435
f 437 436 508
f 437 508 509
f 425 437 509
f 425 509 497
f 436 438 510
f 436 510 508
f 427 499 510
f 427 510 438
f 440 439 511
f 440 511 512
f 430 440 512
f 430 512 502
f 439 441 513
f 439 513 511
f 432 504 513
f 432 513 441
f 442 514 515
f 442 515 443
f 442 444 516
f 442 516 514
f 443 515 517
f 443 517 445
f 445 517 518
f 445 518 446
f 447 519 520
f 447 520 448
f 447 449 521
f 447 521 519
f 448 520 522
f 448 522 450
f 450 522 523
f 450 523 451
f 452 524 525
f 452 525 453
f 452 454 526
f 452 526 524
f 453 525 527
f 453 527 455
f 455 527 528
f 455 528 456
f 458 457 529
f 458 529 530
f 444 458 530
f 444 530 516
f 457 459 531
f 457 531 529
f 446 518 531
f 446 531 459
f 461 460 532
f 461 532 533
f 449 461 533
f 449 533 521
f 460 462 534
f 460 534 532
f 451 523 534
f 451 534 462
f 464 463 535
f 464 535 536
f 454 464 536
f 454 536 526
f 463 465 537
f 463 537 535
f 456 528 537
f 456 537 465
f 466 538 539
f 466 539 467
f 466 468 540
f 538 540 466
f 467 539 541
f 467 541 469
f 469 541 542
f 469 542 470
f 471 543 544
f 471 544 472
f 471 473 545
f 471 545 543
f 472 544 546
f 472 546 474
f 474 546 547
f 474 547 475
f 476 548 549
f 476 549 477
f 476 478 550
f 476 550 548
f 477 549 551
f 477 551 479
f 479 551 552
f 479 552 480
f 482 481 553
f 482 553 554
f 468 482 554
f 468 554 540
f 481 483 555
f 481 555 553
f 470 542 555
f 470 555 483
f 485 484 556
f 485 556 557
f 473 485 557
f 473 557 545
f 484 486 558
f 484 558 556
f 475 547 558
f 475 558 486
f 488 487 559
f 488 559 560
f 478 488 560
f 478 560 550
f 487 489 561
f 487 561 559
f 480 552 561
f 480 561 489
f 490 562 563
f 490 563 491
f 490 492 564
f 490 564 562
f 491 563 565
f 491 565 493
f 493 565 566
f 493 566 494
f 495 567 568
f 495 568 496
f 495 497 569
f 495 569 567
f 496 568 570
f 496 570 498
f 498 570 571
f 498 571 499
f 500 572 573
f 500 573 501
f 500 502 574
f 500 574 572
f 501 573 575
f 501 575 503
f 503 575 576
f 503 576 504
f 506 505 577
f 506 577 578
f 492 506 578
f 492 578 564
f 505 507 579
f 505 579 577
f 494 566 579
f 494 579 507
f 509 508 580
f 509 580 581
f 497 509 581
f 497 581 569
f 508 510 582
f 508 582 580
f 499 571 582
f 499 582 510
f 512 511 583
f 512 583 584
f 502 512 584
f 502 584 574
f 511 513 585
f 511 585 583
f 504 576 585
f 504 585 513
f 514 586 587
f 514 587 515
f 514 516 588
f 514 588 586
f 515 587 589
f 515 589 517
f 517 589 590
f 517 590 518
f 592 591 519
f 519 592 520
f 519 521 593
f 519 593 591
f 520 592 594
f 520 594 522
f 522 594 595
f 522 595 523
f 524 596 597
f 524 597 525
f 524 526 598
f 524 598 596
f 525 597 599
f 525 599 527
f 527 599 600
f 527 600 528
f 530 529 601
f 530 601 602
f 516 530 602
f 516 602 588
f 529 531 603
f 529 603 601
f 518 590 603
f 518 603 531
f 533 532 604
f 533 604 605
f 521 533 605
f 521 605 593
f 532 534 606
f 532 606 604
f 523 595 606
f 523 606 534
f 536 535 607
f 536 607 608
f 526 536 608
f 526 608 598
f 535 537 609
f 535 609 607
f 528 600 609
f 528 609 537
f 538 610 611
f 538 611 539
f 538 540 612
f 538 612 610
f 539 611 613
f 539 613 541
f 541 614 615
f 541 615 542
f 541 613 616
f 541 616 614
f 614 617 618
f 614 618 615
f 614 616 619
f 614 619 617
f 617 543 545
f 617 545 618
f 617 619 620
f 617 620 543
f 543 620 621
f 543 621 544
f 544 621 622
f 544 622 546
f 546 623 624
f 546 624 547
f 546 622 625
f 546 625 623
f 623 626 627
f 623 627 624
f 623 625 628
f 623 628 626
f 626 548 550
f 626 550 627
f 626 628 629
f 626 629 548
f 548 629 630
f 548 630 549
f 549 630 631
f 549 631 551
f 551 631 632
f 551 632 552
f 540 554 633
f 540 633 612
f 542 615 634
f 542 634 555
f 555 634 635
f 555 635 636
f 615 618 637
f 615 637 634
f 634 637 638
f 634 638 635
f 618 545 557
f 618 557 637
f 637 557 639
f 637 639 638
f 547 624 640
f 547 640 558
f 558 640 641
f 558 641 642
f 624 627 643
f 624 643 640
f 640 643 644
f 641 644 640
f 627 550 560
f 627 560 643
f 643 560 645
f 643 645 644
f 552 632 646
f 552 646 561
f 554 553 647
f 554 647 648
f 554 648 649
f 554 649 633
f 553 555 650
f 553 650 647
f 555 636 651
f 555 651 650
f 557 556 652
f 557 652 653
f 557 653 654
f 557 654 639
f 556 558 655
f 556 655 652
f 558 642 656
f 558 656 655
f 560 559 657
f 560 657 658
f 560 658 659
f 560 659 645
f 559 561 660
f 559 660 657
f 561 646 661
f 561 661 660
f 648 647 662
f 648 662 663
f 648 663 664
f 648 664 649
f 647 650 665
f 647 665 662
f 650 651 666
f 650 666 665
f 653 652 667
f 653 667 668
f 653 668 669
f 653 669 654
f 652 655 670
f 652 670 667
f 655 656 671
f 655 671 670
f 658 657 672
f 658 672 673
f 658 673 674
f 658 674 659
f 657 660 675
f 657 675 672
f 660 661 676
f 660 676 675
f 663 662 563
f 663 563 562
f 663 562 677
f 663 677 664
f 662 665 565
f 662 565 563
f 665 666 678
f 665 678 565
f 668 667 568
f 668 568 567
f 668 567 679
f 668 679 669
f 667 670 570
f 667 570 568
f 670 671 680
f 670 680 570
f 673 672 573
f 673 573 572
f 673 572 681
f 673 681 674
f 672 675 575
f 672 575 573
f 675 676 682
f 675 682 575
f 562 564 683
f 562 683 677
f 565 684 685
f 565 685 566
f 565 678 686
f 565 686 684
f 684 687 688
f 684 688 685
f 684 686 689
f 684 689 687
f 687 567 569
f 687 569 688
f 687 689 679
f 687 679 567
f 570 690 691
f 570 691 571
f 570 680 692
f 570 692 690
f 690 693 694
f 690 694 691
f 690 692 695
f 690 695 693
f 574 572 693
f 693 574 694
f 693 695 681
f 693 681 572
f 575 682 696
f 575 696 576
f 564 578 697
f 564 697 683
f 566 685 698
f 566 698 579
f 579 698 699
f 579 699 700
f 685 688 701
f 685 701 698
f 698 701 702
f 698 702 699
f 688 569 581
f 688 581 701
f 701 581 703
f 701 703 702
f 571 691 704
f 571 704 582
f 582 704 705
f 582 705 706
f 691 694 707
f 691 707 704
f 704 707 708
f 704 708 705
f 694 574 584
f 694 584 707
f 707 584 709
f 707 709 708
f 576 696 710
f 576 710 585
f 578 577 711
f 578 711 712
f 578 712 713
f 578 713 697
f 577 579 714
f 577 714 711
f 579 700 715
f 579 715 714
f 581 580 716
f 581 716 717
f 581 717 718
f 581 718 703
f 580 582 719
f 580 719 716
f 582 706 720
f 582 720 719
f 584 583 721
f 584 721 722
f 584 722 723
f 584 723 709
f 583 585 724
f 583 724 721
f 585 710 725
f 585 725 724
f 712 711 726
f 712 726 727
f 712 727 728
f 712 728 713
f 711 714 729
f 711 729 726
f 714 715 730
f 714 730 729
f 717 716 731
f 717 731 732
f 717 732 733
f 717 733 718
f 716 719 734
f 716 734 731
f 719 720 735
f 719 735 734
f 722 721 736
f 722 736 737
f 722 737 738
f 722 738 723
f 721 724 739
f 721 739 736
f 724 725 740
f 724 740 739
f 727 726 587
f 727 587 586
f 727 586 741
f 727 741 728
f 726 729 589
f 726 589 587
f 729 730 742
f 729 742 589
f 732 731 592
f 732 592 591
f 732 591 743
f 732 743 733
f 731 734 594
f 731 594 592
f 734 735 744
f 734 744 594
f 737 736 597
f 737 597 596
f 737 596 745
f 738 745 737
f 736 739 599
f 736 599 597
f 739 740 746
f 739 746 599
f 586 588 747
f 586 747 741
f 589 748 749
f 589 749 590
f 589 742 750
f 589 750 748
f 748 751 752
f 748 752 749
f 748 750 753
f 748 753 751
f 751 591 593
f 751 593 752
f 751 753 743
f 751 743 591
f 594 754 755
f 594 755 595
f 594 744 756
f 594 756 754
f 754 757 758
f 754 758 755
f 754 756 759
f 754 759 757
f 757 596 598
f 757 598 758
f 757 759 745
f 757 745 596
f 599 746 760
f 599 760 600
f 602 601 761
f 602 761 762
f 588 602 762
f 588 762 747
f 601 603 763
f 601 763 761
f 590 749 764
f 590 764 603
f 603 764 765
f 603 765 763
f 749 752 766
f 749 766 764
f 764 766 767
f 764 767 765
f 752 593 605
f 752 605 766
f 766 605 768
f 766 768 767
f 605 604 769
f 605 769 768
f 604 606 770
f 604 770 769
f 595 755 771
f 595 771 606
f 606 771 772
f 606 772 770
f 755 758 773
f 755 773 771
f 771 773 774
f 771 774 772
f 758 598 608
f 758 608 773
f 773 608 775
f 773 775 774
f 608 607 776
f 608 776 775
f 607 609 777
f 607 777 776
f 600 760 777
f 600 777 609
f 610 778 779
f 610 779 611
f 610 612 780
f 610 780 778
f 611 779 781
f 611 781 613
f 781 782 783
f 781 783 784
f 613 781 784
f 613 784 616
f 784 783 785
f 784 785 786
f 616 784 786
f 616 786 619
f 786 785 787
f 786 787 788
f 619 786 788
f 619 788 620
f 620 788 789
f 620 789 621
f 621 789 790
f 621 790 622
f 790 791 792
f 790 792 793
f 622 790 793
f 622 793 625
f 793 792 794
f 793 794 795
f 795 793 625
f 625 795 628
f 795 794 796
f 795 796 797
f 628 795 797
f 628 797 629
f 629 797 798
f 629 798 630
f 630 798 799
f 630 799 631
f 631 799 800
f 631 800 632
f 612 633 801
f 612 801 780
f 782 802 803
f 782 803 783
f 636 635 803
f 636 803 802
f 783 803 804
f 783 804 785
f 635 638 804
f 635 804 803
f 785 804 805
f 785 805 787
f 638 639 805
f 638 805 804
f 791 806 807
f 791 807 792
f 642 641 807
f 642 807 806
f 792 807 808
f 792 808 794
f 641 644 808
f 641 808 807
f 794 808 809
f 794 809 796
f 644 645 809
f 644 809 808
f 632 800 810
f 632 810 646
f 801 811 812
f 801 812 813
f 633 649 811
f 633 811 801
f 813 812 814
f 813 814 802
f 636 802 814
f 636 814 651
f 805 815 816
f 805 816 817
f 639 654 815
f 639 815 805
f 817 816 818
f 817 818 806
f 642 806 818
f 642 818 656
f 809 819 820
f 809 820 821
f 645 659 819
f 645 819 809
f 821 820 822
f 821 822 810
f 646 810 822
f 646 822 661
f 811 823 824
f 811 824 812
f 649 664 823
f 649 823 811
f 812 824 825
f 812 825 814
f 651 814 825
f 651 825 666
f 815 826 827
f 815 827 816
f 654 669 826
f 654 826 815
f 816 827 828
f 816 828 818
f 656 818 828
f 656 828 671
f 819 829 830
f 819 830 820
f 659 674 829
f 659 829 819
f 820 830 831
f 820 831 822
f 661 822 831
f 661 831 676
f 823 832 833
f 823 833 824
f 664 677 832
f 664 832 823
f 824 833 834
f 824 834 825
f 666 825 834
f 666 834 678
f 826 835 836
f 826 836 827
f 669 679 835
f 669 835 826
f 827 836 837
f 828 837 827
f 671 828 837
f 671 837 680
f 829 838 839
f 829 839 830
f 674 681 838
f 674 838 829
f 830 839 840
f 830 840 831
f 676 831 840
f 676 840 682
f 677 683 841
f 677 841 832
f 834 842 843
f 834 843 844
f 678 834 844
f 678 844 686
f 844 843 845
f 844 845 846
f 686 844 846
f 686 846 689
f 846 845 847
f 846 847 835
f 689 846 835
f 689 835 679
f 837 848 849
f 837 849 850
f 680 837 850
f 680 850 692
f 850 849 851
f 850 851 852
f 692 850 852
f 692 852 695
f 852 851 853
f 852 853 838
f 695 852 838
f 695 838 681
f 682 840 854
f 682 854 696
f 683 697 855
f 683 855 841
f 842 856 857
f 842 857 843
f 700 699 857
f 700 857 856
f 843 857 858
f 843 858 845
f 699 702 858
f 699 858 857
f 845 858 859
f 845 859 847
f 702 703 859
f 702 859 858
f 848 860 861
f 848 861 849
f 706 705 861
f 706 861 860
f 849 861 862
f 849 862 851
f 705 708 862
f 705 862 861
f 851 862 863
f 851 863 853
f 708 709 863
f 708 863 862
f 696 854 864
f 696 864 710
f 855 865 866
f 855 866 867
f 697 713 865
f 697 865 855
f 867 866 868
f 867 868 856
f 700 856 868
f 700 868 715
f 859 869 870
f 859 870 871
f 703 718 869
f 703 869 859
f 871 870 872
f 871 872 860
f 706 860 872
f 706 872 720
f 863 873 874
f 863 874 875
f 709 723 873
f 709 873 863
f 875 874 876
f 875 876 864
f 710 864 876
f 710 876 725
f 865 877 878
f 865 878 866
f 713 728 877
f 713 877 865
f 866 878 879
f 866 879 868
f 715 868 879
f 715 879 730
f 869 880 881
f 869 881 870
f 880 733 718
f 718 880 869
f 870 881 882
f 870 882 872
f 720 872 882
f 720 882 735
f 873 883 884
f 873 884 874
f 723 738 883
f 723 883 873
f 874 884 885
f 874 885 876
f 725 876 885
f 725 885 740
f 877 886 887
f 877 887 878
f 728 741 886
f 728 886 877
f 878 887 888
f 878 888 879
f 730 879 888
f 730 888 742
f 880 889 890
f 880 890 881
f 733 743 889
f 733 889 880
f 881 890 891
f 881 891 882
f 735 882 891
f 735 891 744
f 883 892 893
f 883 893 884
f 738 745 892
f 738 892 883
f 884 893 894
f 884 894 885
f 740 885 894
f 740 894 746
f 741 747 895
f 741 895 886
f 888 896 897
f 888 897 898
f 742 888 898
f 742 898 750
f 898 897 899
f 898 899 900
f 750 898 900
f 750 900 753
f 900 899 901
f 900 901 889
f 753 900 889
f 753 889 743
f 891 902 903
f 891 903 904
f 744 891 904
f 744 904 756
f 904 903 905
f 904 905 906
f 756 904 906
f 756 906 759
f 906 905 907
f 906 907 892
f 759 906 892
f 759 892 745
f 746 894 908
f 746 908 760
f 762 761 909
f 762 909 910
f 747 762 910
f 747 910 895
f 761 763 911
f 761 911 909
f 896 911 912
f 896 912 897
f 763 765 912
f 763 912 911
f 897 912 913
f 897 913 899
f 765 767 913
f 765 913 912
f 899 913 914
f 899 914 901
f 767 768 914
f 767 914 913
f 768 769 915
f 768 915 914
f 769 770 916
f 769 916 915
f 902 916 917
f 902 917 903
f 770 772 917
f 770 917 916
f 903 917 918
f 903 918 905
f 772 774 918
f 772 918 917
f 905 918 919
f 905 919 907
f 774 775 919
f 774 919 918
f 775 776 920
f 919 920 775
f 776 777 921
f 776 921 920
f 760 908 921
f 760 921 777
f 778 922 923
f 778 923 779
f 778 780 924
f 778 924 922
f 779 923 925
f 779 925 781
f 781 925 926
f 781 926 782
f 788 927 928
f 788 928 789
f 788 787 929
f 788 929 927
f 789 928 930
f 789 930 790
f 790 930 931
f 790 931 791
f 797 932 933
f 797 933 798
f 797 796 934
f 797 934 932
f 798 933 935
f 798 935 799
f 799 935 936
f 799 936 800
f 801 813 937
f 801 937 938
f 780 801 938
f 780 938 924
f 813 802 939
f 813 939 937
f 782 926 939
f 782 939 802
f 805 817 940
f 805 940 941
f 787 805 941
f 787 941 929
f 817 806 942
f 817 942 940
f 791 931 942
f 791 942 806
f 809 821 943
f 809 943 944
f 796 809 944
f 796 944 934
f 821 810 945
f 821 945 943
f 800 936 945
f 800 945 810
f 832 946 947
f 832 947 833
f 832 841 948
f 832 948 946
f 833 947 949
f 833 949 834
f 834 949 950
f 834 950 842
f 835 951 952
f 835 952 836
f 835 847 953
f 835 953 951
f 836 952 954
f 836 954 837
f 837 954 955
f 837 955 848
f 838 956 957
f 838 957 839
f 838 853 958
f 838 958 956
f 839 957 959
f 839 959 840
f 840 959 960
f 840 960 854
f 855 867 961
f 855 961 962
f 841 855 962
f 841 962 948
f 867 856 963
f 867 963 961
f 842 950 963
f 842 963 856
f 859 871 964
f 859 964 965
f 847 859 965
f 847 965 953
f 871 860 966
f 871 966 964
f 848 955 966
f 848 966 860
f 863 875 967
f 863 967 968
f 853 863 968
f 853 968 958
f 875 864 969
f 875 969 967
f 854 960 969
f 854 969 864
f 971 970 886
f 886 971 887
f 886 895 972
f 886 972 970
f 887 971 973
f 887 973 888
f 888 973 974
f 888 974 896
f 889 975 976
f 889 976 890
f 889 901 977
f 889 977 975
f 890 976 978
f 890 978 891
f 891 978 979
f 891 979 902
f 892 980 981
f 892 981 893
f 892 907 982
f 892 982 980
f 893 981 983
f 893 983 894
f 894 983 984
f 894 984 908
f 910 909 985
f 910 985 986
f 895 910 986
f 895 986 972
f 909 911 987
f 909 987 985
f 896 974 987
f 896 987 911
f 914 915 988
f 914 988 989
f 901 914 989
f 901 989 977
f 915 916 990
f 915 990 988
f 902 979 990
f 902 990 916
f 919 920 991
f 919 991 992
f 907 919 992
f 907 992 982
f 920 921 993
f 920 993 991
f 908 984 993
f 908 993 921
f 922 994 995
f 922 995 923
f 922 924 996
f 922 996 994
f 923 995 997
f 923 997 925
f 925 997 998
f 925 998 926
f 927 999 1000
f 927 1000 928
f 927 929 1001
f 927 1001 999
f 928 1000 1002
f 928 1002 930
f 930 1002 1003
f 930 1003 931
f 932 1004 1005
f 932 1005 933
f 932 934 1006
f 932 1006 1004
f 933 1005 1007
f 933 1007 935
f 935 1007 1008
f 935 1008 936
f 938 937 1009
f 938 1009 1010
f 924 938 1010
f 924 1010 996
f 937 939 1011
f 937 1011 1009
f 926 998 1011
f 926 1011 939
f 941 940 1012
f 941 1012 1013
f 929 941 1013
f 929 1013 1001
f 940 942 1014
f 940 1014 1012
f 931 1003 1014
f 931 1014 942
f 944 943 1015
f 944 1015 1016
f 934 944 1016
f 934 1016 1006
f 943 945 1017
f 943 1017 1015
f 936 1008 1017
f 936 1017 945
f 946 1018 1019
f 946 1019 947
f 946 948 1020
f 946 1020 1018
f 947 1019 1021
f 949 1021 947
f 949 1021 1022
f 949 1022 950
f 951 1023 1024
f 951 1024 952
f 951 953 1025
f 951 1025 1023
f 952 1024 1026
f 952 1026 954
f 954 1026 1027
f 954 1027 955
f 956 1028 1029
f 956 1029 957
f 956 958 1030
f 956 1030 1028
f 957 1029 1031
f 957 1031 959
f 959 1031 1032
f 959 1032 960
f 962 961 1033
f 962 1033 1034
f 948 962 1034
f 948 1034 1020
f 961 963 1035
f 961 1035 1033
f 950 1022 1035
f 950 1035 963
f 965 964 1036
f 965 1036 1037
f 953 965 1037
f 953 1037 1025
f 964 966 1038
f 964 1038 1036
f 955 1027 1038
f 955 1038 966
f 968 967 1039
f 968 1039 1040
f 958 968 1040
f 958 1040 1030
f 967 969 1041
f 967 1041 1039
f 960 1032 1041
f 960 1041 969
f 970 1042 1043
f 970 1043 971
f 970 972 1044
f 970 1044 1042
f 971 1043 1045
f 971 1045 973
f 973 1045 1046
f 973 1046 974
f 975 1047 1048
f 975 1048 976
f 975 977 1049
f 975 1049 1047
f 976 1048 1050
f 976 1050 978
f 978 1050 1051
f 978 1051 979
f 980 1052 1053
f 980 1053 981
f 980 982 1054
f 980 1054 1052
f 981 1053 1055
f 981 1055 983
f 983 1055 1056
f 983 1056 984
f 986 985 1057
f 986 1057 1058
f 972 986 1058
f 972 1058 1044
f 985 987 1059
f 985 1059 1057
f 974 1046 1059
f 974 1059 987
f 989 988 1060
f 989 1060 1061
f 977 989 1061
f 977 1061 1049
f 988 990 1062
f 988 1062 1060
f 979 1051 1062
f 979 1062 990
f 992 991 1063
f 992 1063 1064
f 982 992 1064
f 982 1064 1054
f 991 993 1065
f 991 1065 1063
f 984 1056 1065
f 984 1065 993
f 994 1066 1067
f 994 1067 995
f 994 996 1068
f 994 1068 1066
f 995 1067 1069
f 995 1069 997
f 997 1069 1070
f 997 1070 998
f 999 1071 1072
f 999 1072 1000
f 1073 1001 999
f 999 1073 1071
f 1000 1072 1074
f 1000 1074 1002
f 1002 1074 1075
f 1002 1075 1003
f 1004 1076 1077
f 1004 1077 1005
f 1004 1006 1078
f 1004 1078 1076
f 1005 1077 1079
f 1005 1079 1007
f 1007 1079 1080
f 1007 1080 1008
f 1010 1009 1081
f 1010 1081 1082
f 996 1010 1082
f 996 1082 1068
f 1009 1011 1083
f 1009 1083 1081
f 998 1070 1083
f 998 1083 1011
f 1013 1012 1084
f 1013 1084 1085
f 1001 1013 1085
f 1001 1085 1073
f 1012 1014 1086
f 1012 1086 1084
f 1003 1075 1086
f 1003 1086 1014
f 1016 1015 1087
f 1016 1087 1088
f 1006 1016 1088
f 1006 1088 1078
f 1015 1017 1089
f 1015 1089 1087
f 1008 1080 1089
f 1008 1089 1017
f 1018 1090 1091
f 1018 1091 1019
f 1018 1020 1092
f 1018 1092 1090
f 1019 1091 1093
f 1019 1093 1021
f 1021 1093 1094
f 1021 1094 1022
f 1023 1095 1096
f 1023 1096 1024
f 1023 1025 1097
f 1023 1097 1095
f 1024 1096 1098
f 1024 1098 1026
f 1026 1098 1099
f 1026 1099 1027
f 1028 1100 1101
f 1028 1101 1029
f 1028 1030 1102
f 1028 1102 1100
f 1029 1101 1103
f 1029 1103 1031
f 1031 1103 1104
f 1031 1104 1032
f 1034 1033 1105
f 1034 1105 1106
f 1020 1034 1106
f 1020 1106 1092
f 1033 1035 1107
f 1033 1107 1105
f 1022 1094 1107
f 1022 1107 1035
f 1037 1036 1108
f 1037 1108 1109
f 1025 1037 1109
f 1025 1109 1097
f 1036 1038 1110
f 1036 1110 1108
f 1027 1099 1110
f 1027 1110 1038
f 1040 1039 1111
f 1040 1111 1112
f 1030 1040 1112
f 1030 1112 1102
f 1039 1041 1113
f 1039 1113 1111
f 1032 1104 1113
f 1032 1113 1041
f 1042 1114 1115
f 1042 1115 1043
f 1042 1044 1116
f 1042 1116 1114
f 1043 1115 1117
f 1043 1117 1045
f 1045 1117 1118
f 1045 1118 1046
f 1047 1119 1120
f 1047 1120 1048
f 1047 1049 1121
f 1047 1121 1119
f 1048 1120 1122
f 1048 1122 1050
f 1050 1122 1123
f 1051 1123 1050
f 1052 1124 1125
f 1052 1125 1053
f 1052 1054 1126
f 1052 1126 1124
f 1053 1125 1127
f 1053 1127 1055
f 1055 1127 1128
f 1055 1128 1056
f 1058 1057 1129
f 1058 1129 1130
f 1044 1058 1130
f 1044 1130 1116
f 1057 1059 1131
f 1057 1131 1129
f 1046 1118 1131
f 1046 1131 1059
f 1061 1060 1132
f 1061 1132 1133
f 1049 1061 1133
f 1049 1133 1121
f 1060 1062 1134
f 1060 1134 1132
f 1051 1123 1134
f 1051 1134 1062
f 1064 1063 1135
f 1064 1135 1136
f 1054 1064 1136
f 1054 1136 1126
f 1063 1065 1137
f 1063 1137 1135
f 1056 1128 1137
f 1056 1137 1065
f 1066 1138 1139
f 1066 1139 1067
f 1066 1068 1140
f 1066 1140 1138
f 1067 1139 1141
f 1067 1141 1069
f 1069 1142 1143
f 1069 1143 1070
f 1069 1141 1144
f 1069 1144 1142
f 1142 1145 1146
f 1142 1146 1143
f 1142 1144 1147
f 1142 1147 1145
f 1145 1071 1073
f 1145 1073 1146
f 1145 1147 1148
f 1145 1148 1071
f 1071 1148 1149
f 1071 1149 1072
f 1072 1149 1150
f 1072 1150 1074
f 1074 1151 1152
f 1074 1152 1075
f 1074 1150 1153
f 1074 1153 1151
f 1151 1154 1155
f 1151 1155 1152
f 1151 1153 1156
f 1151 1156 1154
f 1154 1076 1078
f 1154 1078 1155
f 1154 1156 1157
f 1154 1157 1076
f 1076 1157 1158
f 1076 1158 1077
f 1077 1158 1159
f 1077 1159 1079
f 1079 1159 1160
f 1079 1160 1080
f 1068 1082 1161
f 1068 1161 1140
f 1070 1143 1162
f 1070 1162 1083
f 1083 1162 1163
f 1083 1163 1164
f 1143 1146 1165
f 1143 1165 1162
f 1162 1165 1166
f 1162 1166 1163
f 1146 1073 1085
f 1146 1085 1165
f 1165 1085 1167
f 1165 1167 1166
f 1075 1152 1168
f 1075 1168 1086
f 1086 1168 1169
f 1086 1169 1170
f 1152 1155 1171
f 1152 1171 1168
f 1168 1171 1172
f 1168 1172 1169
f 1155 1078 1088
f 1155 1088 1171
f 1171 1088 1173
f 1171 1173 1172
f 1080 1160 1174
f 1080 1174 1089
f 1175 1081 1082
f 1082 1175 1176
f 1082 1176 1177
f 1082 1177 1161
f 1081 1083 1178
f 1081 1178 1175
f 1083 1164 1179
f 1083 1179 1178
f 1085 1084 1180
f 1085 1180 1181
f 1085 1181 1182
f 1085 1182 1167
f 1084 1086 1183
f 1084 1183 1180
f 1086 1170 1184
f 1086 1184 1183
f 1088 1087 1185
f 1088 1185 1186
f 1088 1186 1187
f 1088 1187 1173
f 1087 1089 1188
f 1087 1188 1185
f 1089 1174 1189
f 1089 1189 1188
f 1176 1175 1190
f 1176 1190 1191
f 1176 1191 1192
f 1176 1192 1177
f 1175 1178 1193
f 1175 1193 1190
f 1178 1179 1194
f 1178 1194 1193
f 1181 1180 1195
f 1181 1195 1196
f 1181 1196 1197
f 1181 1197 1182
f 1180 1183 1198
f 1180 1198 1195
f 1183 1184 1199
f 1183 1199 1198
f 1186 1185 1200
f 1186 1200 1201
f 1186 1201 1202
f 1186 1202 1187
f 1185 1188 1203
f 1185 1203 1200
f 1188 1189 1204
f 1188 1204 1203
f 1191 1190 1091
f 1191 1091 1090
f 1191 1090 1205
f 1191 1205 1192
f 1190 1193 1093
f 1190 1093 1091
f 1193 1194 1206
f 1193 1206 1093
f 1196 1195 1096
f 1196 1096 1095
f 1196 1095 1207
f 1196 1207 1197
f 1195 1198 1098
f 1195 1098 1096
f 1198 1199 1208
f 1198 1208 1098
f 1201 1200 1101
f 1201 1101 1100
f 1201 1100 1209
f 1201 1209 1202
f 1200 1203 1103
f 1200 1103 1101
f 1203 1204 1210
f 1203 1210 1103
f 1090 1092 1211
f 1090 1211 1205
f 1093 1212 1213
f 1093 1213 1094
f 1093 1206 1214
f 1093 1214 1212
f 1212 1215 1216
f 1212 1216 1213
f 1212 1214 1217
f 1212 1217 1215
f 1215 1095 1097
f 1215 1097 1216
f 1215 1217 1207
f 1215 1207 1095
f 1098 1218 1219
f 1098 1219 1099
f 1098 1208 1220
f 1098 1220 1218
f 1218 1221 1222
f 1218 1222 1219
f 1218 1220 1223
f 1218 1223 1221
f 1221 1100 1102
f 1221 1102 1222
f 1221 1223 1209
f 1221 1209 1100
f 1103 1210 1224
f 1103 1224 1104
f 1092 1106 1225
f 1211 1225 1092
f 1094 1213 1226
f 1094 1226 1107
f 1107 1226 1227
f 1107 1227 1228
f 1213 1216 1229
f 1213 1229 1226
f 1226 1229 1230
f 1226 1230 1227
f 1216 1097 1109
f 1216 1109 1229
f 1229 1109 1231
f 1229 1231 1230
f 1099 1219 1232
f 1099 1232 1110
f 1110 1232 1233
f 1110 1233 1234
f 1219 1222 1235
f 1219 1235 1232
f 1232 1235 1236
f 1232 1236 1233
f 1222 1102 1112
f 1222 1112 1235
f 1235 1112 1237
f 1235 1237 1236
f 1104 1224 1238
f 1104 1238 1113
f 1106 1105 1239
f 1106 1239 1240
f 1106 1240 1241
f 1106 1241 1225
f 1105 1107 1242
f 1105 1242 1239
f 1107 1228 1243
f 1107 1243 1242
f 1109 1108 1244
f 1109 1244 1245
f 1109 1245 1246
f 1109 1246 1231
f 1108 1110 1247
f 1108 1247 1244
f 1110 1234 1248
f 1110 1248 1247
f 1112 1111 1249
f 1112 1249 1250
f 1112 1250 1251
f 1112 1251 1237
f 1111 1113 1252
f 1111 1252 1249
f 1113 1238 1253
f 1113 1253 1252
f 1240 1239 1254
f 1240 1254 1255
f 1240 1255 1256
f 1240 1256 1241
f 1239 1242 1257
f 1239 1257 1254
f 1242 1243 1258
f 1242 1258 1257
f 1245 1244 1259
f 1245 1259 1260
f 1245 1260 1261
f 1245 1261 1246
f 1244 1247 1262
f 1244 1262 1259
f 1247 1248 1263
f 1247 1263 1262
f 1250 1249 1264
f 1250 1264 1265
f 1250 1265 1266
f 1250 1266 1251
f 1249 1252 1267
f 1249 1267 1264
f 1252 1253 1268
f 1252 1268 1267
f 1255 1254 1115
f 1255 1115 1114
f 1255 1114 1269
f 1255 1269 1256
f 1254 1257 1117
f 1254 1117 1115
f 1257 1258 1270
f 1257 1270 1117
f 1260 1259 1120
f 1260 1120 1119
f 1260 1119 1271
f 1260 1271 1261
f 1259 1262 1122
f 1259 1122 1120
f 1262 1263 1272
f 1262 1272 1122
f 1265 1264 1125
f 1265 1125 1124
f 1265 1124 1273
f 1265 1273 1266
f 1264 1267 1127
f 1264 1127 1125
f 1267 1268 1274
f 1267 1274 1127
f 1114 1116 1275
f 1114 1275 1269
f 1277 1276 1117
f 1117 1277 1118
f 1117 1270 1278
f 1117 1278 1276
f 1276 1279 1280
f 1276 1280 1277
f 1276 1278 1281
f 1276 1281 1279
f 1279 1119 1121
f 1279 1121 1280
f 1279 1281 1271
f 1279 1271 1119
f 1122 1282 1283
f 1122 1283 1123
f 1122 1272 1284
f 1122 1284 1282
f 1282 1285 1286
f 1282 1286 1283
f 1282 1284 1287
f 1282 1287 1285
f 1285 1124 1126
f 1285 1126 1286
f 1285 1287 1273
f 1285 1273 1124
f 1127 1274 1288
f 1127 1288 1128
f 1130 1129 1289
f 1130 1289 1290
f 1116 1130 1290
f 1116 1290 1275
f 1129 1131 1291
f 1129 1291 1289
f 1118 1277 1292
f 1118 1292 1131
f 1131 1292 1293
f 1131 1293 1291
f 1277 1280 1294
f 1277 1294 1292
f 1292 1294 1295
f 1292 1295 1293
f 1280 1121 1133
f 1280 1133 1294
f 1294 1133 1296
f 1294 1296 1295
f 1133 1132 1297
f 1133 1297 1296
f 1132 1134 1298
f 1132 1298 1297
f 1123 1283 1299
f 1123 1299 1134
f 1134 1299 1300
f 1134 1300 1298
f 1283 1286 1301
f 1283 1301 1299
f 1299 1301 1302
f 1299 1302 1300
f 1286 1126 1136
f 1286 1136 1301
f 1301 1136 1303
f 1301 1303 1302
f 1136 1135 1304
f 1136 1304 1303
f 1135 1137 1305
f 1135 1305 1304
f 1128 1288 1305
f 1128 1305 1137
f 1306 1307 1308
f 1306 1308 1309
f 1138 1306 1309
f 1138 1309 1139
f 1138 1140 1307
f 1138 1307 1306
f 1309 1308 1310
f 1309 1310 1311
f 1139 1309 1311
f 1139 1311 1141
f 1311 1310 1312
f 1311 1312 1313
f 1141 1311 1313
f 1141 1313 1144
f 1313 1312 1314
f 1313 1314 1315
f 1144 1313 1315
f 1144 1315 1147
f 1315 1314 1316
f 1315 1316 1317
f 1147 1315 1317
f 1147 1317 1148
f 1317 1316 1318
f 1317 1318 1319
f 1148 1317 1319
f 1148 1319 1149
f 1319 1318 1320
f 1319 1320 1321
f 1149 1319 1321
f 1149 1321 1150
f 1321 1320 1322
f 1321 1322 1323
f 1150 1321 1323
f 1150 1323 1153
f 1323 1322 1324
f 1325 1324 1323
f 1153 1323 1325
f 1153 1325 1156
f 1325 1324 1326
f 1325 1326 1327
f 1156 1325 1327
f 1156 1327 1157
f 1327 1326 1328
f 1327 1328 1329
f 1157 1327 1329
f 1157 1329 1158
f 1329 1328 1330
f 1329 1330 1331
f 1158 1329 1331
f 1158 1331 1159
f 1159 1331 1330
f 1159 1330 1160
f 1307 1332 1333
f 1307 1333 1308
f 1140 1161 1332
f 1140 1332 1307
f 1308 1333 1334
f 1308 1334 1310
f 1310 1334 1335
f 1310 1335 1312
f 1164 1163 1335
f 1164 1335 1334
f 1312 1335 1336
f 1312 1336 1314
f 1163 1166 1336
f 1163 1336 1335
f 1314 1336 1337
f 1314 1337 1316
f 1166 1167 1337
f 1166 1337 1336
f 1316 1337 1338
f 1316 1338 1318
f 1318 1338 1339
f 1318 1339 1320
f 1320 1339 1340
f 1320 1340 1322
f 1170 1169 1340
f 1170 1340 1339
f 1322 1340 1341
f 1322 1341 1324
f 1169 1172 1341
f 1169 1341 1340
f 1324 1341 1342
f 1324 1342 1326
f 1172 1173 1342
f 1172 1342 1341
f 1326 1342 1343
f 1326 1343 1328
f 1328 1343 1344
f 1328 1344 1330
f 1160 1330 1344
f 1160 1344 1174
f 1332 1345 1346
f 1332 1346 1333
f 1161 1177 1345
f 1161 1345 1332
f 1333 1346 1347
f 1333 1347 1334
f 1164 1334 1347
f 1164 1347 1179
f 1337 1348 1349
f 1337 1349 1338
f 1167 1182 1348
f 1167 1348 1337
f 1338 1349 1350
f 1338 1350 1339
f 1170 1339 1350
f 1170 1350 1184
f 1342 1351 1352
f 1342 1352 1343
f 1173 1187 1351
f 1173 1351 1342
f 1343 1352 1353
f 1343 1353 1344
f 1174 1344 1353
f 1174 1353 1189
f 1345 1354 1355
f 1345 1355 1346
f 1177 1192 1354
f 1177 1354 1345
f 1346 1355 1356
f 1346 1356 1347
f 1179 1347 1356
f 1179 1356 1194
f 1348 1357 1358
f 1348 1358 1349
f 1182 1197 1357
f 1182 1357 1348
f 1349 1358 1359
f 1349 1359 1350
f 1184 1350 1359
f 1184 1359 1199
f 1351 1360 1361
f 1351 1361 1352
f 1187 1202 1360
f 1187 1360 1351
f 1362 1361 1352
f 1352 1362 1353
f 1189 1353 1362
f 1189 1362 1204
f 1354 1363 1364
f 1354 1364 1355
f 1192 1205 1363
f 1192 1363 1354
f 1355 1364 1365
f 1355 1365 1356
f 1194 1356 1365
f 1194 1365 1206
f 1357 1366 1367
f 1357 1367 1358
f 1197 1207 1366
f 1197 1366 1357
f 1358 1367 1368
f 1358 1368 1359
f 1199 1359 1368
f 1199 1368 1208
f 1360 1369 1370
f 1360 1370 1361
f 1202 1209 1369
f 1202 1369 1360
f 1361 1370 1371
f 1361 1371 1362
f 1204 1362 1371
f 1204 1371 1210
f 1363 1372 1373
f 1363 1373 1364
f 1205 1211 1372
f 1205 1372 1363
f 1364 1373 1374
f 1364 1374 1365
f 1365 1374 1375
f 1365 1375 1376
f 1206 1365 1376
f 1206 1376 1214
f 1376 1375 1377
f 1376 1377 1378
f 1214 1376 1378
f 1214 1378 1217
f 1378 1377 1379
f 1378 1379 1366
f 1217 1378 1366
f 1217 1366 1207
f 1366 1379 1380
f 1366 1380 1367
f 1367 1380 1381
f 1367 1381 1368
f 1368 1381 1382
f 1368 1382 1383
f 1208 1368 1383
f 1208 1383 1220
f 1383 1382 1384
f 1383 1384 1385
f 1220 1383 1385
f 1220 1385 1223
f 1385 1384 1386
f 1385 1386 1369
f 1223 1385 1369
f 1223 1369 1209
f 1369 1386 1387
f 1369 1387 1370
f 1370 1387 1388
f 1370 1388 1371
f 1210 1371 1388
f 1210 1388 1224
f 1372 1389 1390
f 1372 1390 1373
f 1211 1225 1389
f 1211 1389 1372
f 1373 1390 1391
f 1373 1391 1374
f 1374 1391 1392
f 1374 1392 1375
f 1228 1227 1392
f 1228 1392 1391
f 1375 1392 1393
f 1375 1393 1377
f 1227 1230 1393
f 1227 1393 1392
f 1377 1393 1394
f 1377 1394 1379
f 1230 1231 1394
f 1230 1394 1393
f 1379 1394 1395
f 1379 1395 1380
f 1380 1395 1396
f 1380 1396 1381
f 1381 1396 1397
f 1381 1397 1382
f 1234 1233 1397
f 1234 1397 1396
f 1382 1397 1398
f 1382 1398 1384
f 1233 1236 1398
f 1233 1398 1397
f 1384 1398 1399
f 1384 1399 1386
f 1236 1237 1399
f 1398 1399 1236
f 1386 1399 1400
f 1386 1400 1387
f 1387 1400 1401
f 1387 1401 1388
f 1224 1388 1401
f 1224 1401 1238
f 1389 1402 1403
f 1389 1403 1390
f 1225 1241 1402
f 1225 1402 1389
f 1390 1403 1404
f 1390 1404 1391
f 1228 1391 1404
f 1228 1404 1243
f 1394 1405 1406
f 1394 1406 1395
f 1231 1246 1405
f 1231 1405 1394
f 1395 1406 1407
f 1395 1407 1396
f 1234 1396 1407
f 1234 1407 1248
f 1399 1408 1409
f 1399 1409 1400
f 1237 1251 1408
f 1237 1408 1399
f 1400 1409 1410
f 1400 1410 1401
f 1238 1401 1410
f 1238 1410 1253
f 1402 1411 1412
f 1402 1412 1403
f 1241 1256 1411
f 1241 1411 1402
f 1403 1412 1413
f 1403 1413 1404
f 1243 1404 1413
f 1243 1413 1258
f 1405 1414 1415
f 1405 1415 1406
f 1246 1261 1414
f 1246 1414 1405
f 1406 1415 1416
f 1406 1416 1407
f 1248 1407 1416
f 1248 1416 1263
f 1408 1417 1418
f 1408 1418 1409
f 1251 1266 1417
f 1251 1417 1408
f 1409 1418 1419
f 1409 1419 1410
f 1253 1410 1419
f 1253 1419 1268
f 1411 1420 1421
f 1411 1421 1412
f 1256 1269 1420
f 1256 1420 1411
f 1412 1421 1422
f 1412 1422 1413
f 1258 1413 1422
f 1258 1422 1270
f 1414 1423 1424
f 1414 1424 1415
f 1261 1271 1423
f 1261 1423 1414
f 1415 1424 1425
f 1415 1425 1416
f 1263 1416 1425
f 1263 1425 1272
f 1417 1426 1427
f 1417 1427 1418
f 1266 1273 1426
f 1266 1426 1417
f 1418 1427 1428
f 1418 1428 1419
f 1268 1419 1428
f 1268 1428 1274
f 1420 1429 1430
f 1420 1430 1421
f 1269 1275 1429
f 1269 1429 1420
f 1421 1430 1431
f 1421 1431 1422
f 1422 1431 1432
f 1422 1432 1433
f 1270 1422 1433
f 1270 1433 1278
f 1433 1432 1434
f 1433 1434 1435
f 1278 1433 1435
f 1278 1435 1281
f 1435 1434 1436
f 1435 1436 1423
f 1281 1435 1423
f 1281 1423 1271
f 1423 1436 1437
f 1423 1437 1424
f 1424 1437 1438
f 1424 1438 1425
f 1439 1438 1425
f 1425 1439 1440
f 1272 1425 1440
f 1272 1440 1284
f 1440 1439 1441
f 1440 1441 1442
f 1284 1440 1442
f 1284 1442 1287
f 1442 1441 1443
f 1442 1443 1426
f 1287 1442 1426
f 1287 1426 1273
f 1426 1443 1444
f 1426 1444 1427
f 1427 1444 1445
f 1427 1445 1428
f 1274 1428 1445
f 1274 1445 1288
f 1429 1446 1447
f 1429 1447 1430
f 1290 1289 1447
f 1290 1447 1446
f 1275 1290 1446
f 1275 1446 1429
f 1430 1447 1448
f 1430 1448 1431
f 1289 1291 1448
f 1289 1448 1447
f 1431 1448 1449
f 1431 1449 1432
f 1291 1293 1449
f 1291 1449 1448
f 1432 1449 1450
f 1432 1450 1434
f 1293 1295 1450
f 1293 1450 1449
f 1434 1450 1451
f 1434 1451 1436
f 1295 1296 1451
f 1295 1451 1450
f 1436 1451 1452
f 1436 1452 1437
f 1296 1297 1452
f 1296 1452 1451
f 1437 1452 1453
f 1437 1453 1438
f 1297 1298 1453
f 1297 1453 1452
f 1438 1453 1454
f 1438 1454 1439
f 1298 1300 1454
f 1298 1454 1453
f 1439 1454 1455
f 1439 1455 1441
f 1300 1302 1455
f 1300 1455 1454
f 1441 1455 1456
f 1441 1456 1443
f 1302 1303 1456
f 1302 1456 1455
f 1443 1456 1457
f 1443 1457 1444
f 1303 1304 1457
f 1303 1457 1456
f 1444 1457 1458
f 1444 1458 1445
f 1304 1305 1458
f 1304 1458 1457
f 1288 1445 1458
f 1288 1458 1305
f 17 20 21
f 17 21 18
f 17 17 19
f 1459 1461 1460
f 1459 1462 1461
f 1463 1464 1465
f 1463 1465 1466
f 1459 1460 1464
f 1459 1464 1463
f 1460 1461 1465
f 1460 1465 1464
f 1461 1462 1466
f 1461 1466 1465
f 1462 1459 1463
f 1462 1463 1466
